patient,day,si_mult,ill,after_calib
MT-0811,2026-09-01,0.964,False,False
MT-0811,2026-09-02,0.967,False,False
MT-0811,2026-09-03,0.843,False,False
MT-0811,2026-09-04,0.885,False,False
MT-0811,2026-09-05,1.163,False,False
MT-0811,2026-09-06,1.109,False,False
MT-0811,2026-09-07,0.928,False,False
MT-0811,2026-09-08,0.85,False,True
MT-0811,2026-09-09,1.067,False,True
MT-0811,2026-09-10,1.14,False,True
MT-0811,2026-09-11,1.053,False,True
MT-0811,2026-09-12,0.861,False,True
MT-0811,2026-09-13,0.861,False,True
MT-0811,2026-09-14,1.165,False,True
MT-0399,2026-09-01,0.931,False,False
MT-0399,2026-09-02,0.92,False,False
MT-0399,2026-09-03,0.924,False,False
MT-0399,2026-09-04,1.103,False,False
MT-0399,2026-09-05,0.963,False,False
MT-0399,2026-09-06,1.005,False,False
MT-0399,2026-09-07,1.092,False,False
MT-0399,2026-09-08,1.059,False,True
MT-0399,2026-09-09,1.152,False,True
MT-0399,2026-09-10,1.275,False,True
MT-0399,2026-09-11,1.165,False,True
MT-0399,2026-09-12,0.921,False,True
MT-0399,2026-09-13,0.836,False,True
MT-0399,2026-09-14,0.953,False,True
MT-0933,2026-09-01,0.988,False,False
MT-0933,2026-09-02,0.688,False,False
MT-0933,2026-09-03,0.741,False,False
MT-0933,2026-09-04,0.489,False,False
MT-0933,2026-09-05,0.868,False,False
MT-0933,2026-09-06,0.635,False,False
MT-0933,2026-09-07,0.594,False,False
MT-0933,2026-09-08,0.932,False,True
MT-0933,2026-09-09,0.763,False,True
MT-0933,2026-09-10,0.862,False,True
MT-0933,2026-09-11,1.028,False,True
MT-0933,2026-09-12,0.934,False,True
MT-0933,2026-09-13,0.858,False,True
MT-0933,2026-09-14,0.756,False,True
MT-0335,2026-09-01,1.131,False,False
MT-0335,2026-09-02,0.839,False,False
MT-0335,2026-09-03,1.038,False,False
MT-0335,2026-09-04,0.922,False,False
MT-0335,2026-09-05,0.927,False,False
MT-0335,2026-09-06,0.863,False,False
MT-0335,2026-09-07,0.999,False,False
MT-0335,2026-09-08,0.897,False,True
MT-0335,2026-09-09,0.889,False,True
MT-0335,2026-09-10,0.946,False,True
MT-0335,2026-09-11,0.991,False,True
MT-0335,2026-09-12,0.801,False,True
MT-0335,2026-09-13,0.801,False,True
MT-0335,2026-09-14,0.721,False,True
MT-0937,2026-09-01,0.79,False,False
MT-0937,2026-09-02,1.009,False,False
MT-0937,2026-09-03,0.87,False,False
MT-0937,2026-09-04,0.769,False,False
MT-0937,2026-09-05,0.619,False,False
MT-0937,2026-09-06,0.786,False,False
MT-0937,2026-09-07,0.944,False,False
MT-0937,2026-09-08,0.865,False,True
MT-0937,2026-09-09,0.876,False,True
MT-0937,2026-09-10,0.781,False,True
MT-0937,2026-09-11,0.578,False,True
MT-0937,2026-09-12,1.012,False,True
MT-0937,2026-09-13,1.008,False,True
MT-0937,2026-09-14,0.845,False,True
MT-0557,2026-09-01,1.033,False,False
MT-0557,2026-09-02,1.13,False,False
MT-0557,2026-09-03,1.129,False,False
MT-0557,2026-09-04,1.052,False,False
MT-0557,2026-09-05,1.209,False,False
MT-0557,2026-09-06,1.211,False,False
MT-0557,2026-09-07,0.78,True,False
MT-0557,2026-09-08,0.456,True,True
MT-0557,2026-09-09,0.42,True,True
MT-0557,2026-09-10,0.76,False,True
MT-0557,2026-09-11,1.193,False,True
MT-0557,2026-09-12,1.251,False,True
MT-0557,2026-09-13,1.193,False,True
MT-0557,2026-09-14,1.326,False,True
MT-0858,2026-09-01,0.869,False,False
MT-0858,2026-09-02,0.936,False,False
MT-0858,2026-09-03,0.832,False,False
MT-0858,2026-09-04,0.753,False,False
MT-0858,2026-09-05,1.082,False,False
MT-0858,2026-09-06,1.017,False,False
MT-0858,2026-09-07,0.888,False,False
MT-0858,2026-09-08,0.783,False,True
MT-0858,2026-09-09,0.988,False,True
MT-0858,2026-09-10,0.844,False,True
MT-0858,2026-09-11,1.105,False,True
MT-0858,2026-09-12,1.072,False,True
MT-0858,2026-09-13,0.928,False,True
MT-0858,2026-09-14,0.98,False,True
MT-0855,2026-09-01,1.197,False,False
MT-0855,2026-09-02,1.523,False,False
MT-0855,2026-09-03,1.485,False,False
MT-0855,2026-09-04,1.481,False,False
MT-0855,2026-09-05,1.004,True,False
MT-0855,2026-09-06,0.624,True,False
MT-0855,2026-09-07,0.544,True,False
MT-0855,2026-09-08,0.637,False,True
MT-0855,2026-09-09,1.518,False,True
MT-0855,2026-09-10,1.495,False,True
MT-0855,2026-09-11,1.462,False,True
MT-0855,2026-09-12,1.495,False,True
MT-0855,2026-09-13,1.676,False,True
MT-0855,2026-09-14,1.627,False,True
MT-0082,2026-09-01,0.943,False,False
MT-0082,2026-09-02,0.924,False,False
MT-0082,2026-09-03,0.87,False,False
MT-0082,2026-09-04,0.887,False,False
MT-0082,2026-09-05,0.922,False,False
MT-0082,2026-09-06,0.875,False,False
MT-0082,2026-09-07,0.97,False,False
MT-0082,2026-09-08,0.758,False,True
MT-0082,2026-09-09,0.943,False,True
MT-0082,2026-09-10,0.827,False,True
MT-0082,2026-09-11,0.634,False,True
MT-0082,2026-09-12,0.85,False,True
MT-0082,2026-09-13,0.459,False,True
MT-0082,2026-09-14,0.641,False,True
MT-0742,2026-09-01,0.951,False,False
MT-0742,2026-09-02,0.926,False,False
MT-0742,2026-09-03,1.114,False,False
MT-0742,2026-09-04,1.03,False,False
MT-0742,2026-09-05,1.055,False,False
MT-0742,2026-09-06,1.009,False,False
MT-0742,2026-09-07,1.052,False,False
MT-0742,2026-09-08,0.826,False,True
MT-0742,2026-09-09,1.024,False,True
MT-0742,2026-09-10,1.032,False,True
MT-0742,2026-09-11,1.15,False,True
MT-0742,2026-09-12,0.793,False,True
MT-0742,2026-09-13,0.769,False,True
MT-0742,2026-09-14,0.76,False,True
MT-0793,2026-09-01,0.983,False,False
MT-0793,2026-09-02,1.02,False,False
MT-0793,2026-09-03,0.893,False,False
MT-0793,2026-09-04,0.915,False,False
MT-0793,2026-09-05,0.815,False,False
MT-0793,2026-09-06,1.099,False,False
MT-0793,2026-09-07,1.034,False,False
MT-0793,2026-09-08,1.133,False,True
MT-0793,2026-09-09,1.096,False,True
MT-0793,2026-09-10,0.93,False,True
MT-0793,2026-09-11,0.765,False,True
MT-0793,2026-09-12,0.985,False,True
MT-0793,2026-09-13,0.972,False,True
MT-0793,2026-09-14,0.849,False,True
MT-0859,2026-09-01,0.962,False,False
MT-0859,2026-09-02,1.062,False,False
MT-0859,2026-09-03,1.16,False,False
MT-0859,2026-09-04,1.16,False,False
MT-0859,2026-09-05,0.899,False,False
MT-0859,2026-09-06,0.817,False,False
MT-0859,2026-09-07,0.731,False,False
MT-0859,2026-09-08,0.959,False,True
MT-0859,2026-09-09,1.022,False,True
MT-0859,2026-09-10,0.999,False,True
MT-0859,2026-09-11,1.026,False,True
MT-0859,2026-09-12,0.862,False,True
MT-0859,2026-09-13,0.958,False,True
MT-0859,2026-09-14,1.084,False,True
MT-0697,2026-09-01,1.075,False,False
MT-0697,2026-09-02,0.938,False,False
MT-0697,2026-09-03,1.18,False,False
MT-0697,2026-09-04,1.07,False,False
MT-0697,2026-09-05,0.903,False,False
MT-0697,2026-09-06,0.757,False,False
MT-0697,2026-09-07,0.77,False,False
MT-0697,2026-09-08,0.891,False,True
MT-0697,2026-09-09,1.036,False,True
MT-0697,2026-09-10,0.921,False,True
MT-0697,2026-09-11,0.962,False,True
MT-0697,2026-09-12,0.953,False,True
MT-0697,2026-09-13,0.941,False,True
MT-0697,2026-09-14,0.931,False,True
MT-0609,2026-09-01,1.017,False,False
MT-0609,2026-09-02,0.84,False,False
MT-0609,2026-09-03,0.737,False,False
MT-0609,2026-09-04,1.031,False,False
MT-0609,2026-09-05,1.133,False,False
MT-0609,2026-09-06,1.041,False,False
MT-0609,2026-09-07,0.939,False,False
MT-0609,2026-09-08,1.1,False,True
MT-0609,2026-09-09,1.06,False,True
MT-0609,2026-09-10,0.924,False,True
MT-0609,2026-09-11,0.963,False,True
MT-0609,2026-09-12,0.879,False,True
MT-0609,2026-09-13,0.795,False,True
MT-0609,2026-09-14,0.821,False,True
MT-0325,2026-09-01,0.938,False,False
MT-0325,2026-09-02,1.032,False,False
MT-0325,2026-09-03,1.045,False,False
MT-0325,2026-09-04,0.931,False,False
MT-0325,2026-09-05,1.089,False,False
MT-0325,2026-09-06,1.005,False,False
MT-0325,2026-09-07,1.054,False,False
MT-0325,2026-09-08,1.162,False,True
MT-0325,2026-09-09,0.983,False,True
MT-0325,2026-09-10,1.055,False,True
MT-0325,2026-09-11,1.14,False,True
MT-0325,2026-09-12,1.153,False,True
MT-0325,2026-09-13,1.128,False,True
MT-0325,2026-09-14,0.89,False,True
MT-0413,2026-09-01,1.168,False,False
MT-0413,2026-09-02,1.301,False,False
MT-0413,2026-09-03,1.417,False,False
MT-0413,2026-09-04,1.24,False,False
MT-0413,2026-09-05,0.736,True,False
MT-0413,2026-09-06,0.541,True,False
MT-0413,2026-09-07,0.44,True,False
MT-0413,2026-09-08,0.659,False,True
MT-0413,2026-09-09,1.2,False,True
MT-0413,2026-09-10,1.395,False,True
MT-0413,2026-09-11,1.135,False,True
MT-0413,2026-09-12,1.221,False,True
MT-0413,2026-09-13,1.315,False,True
MT-0413,2026-09-14,1.23,False,True
MT-0650,2026-09-01,0.97,False,False
MT-0650,2026-09-02,0.799,False,False
MT-0650,2026-09-03,0.694,False,False
MT-0650,2026-09-04,0.936,False,False
MT-0650,2026-09-05,1.062,False,False
MT-0650,2026-09-06,0.654,False,False
MT-0650,2026-09-07,0.631,False,False
MT-0650,2026-09-08,0.758,False,True
MT-0650,2026-09-09,0.819,False,True
MT-0650,2026-09-10,1.002,False,True
MT-0650,2026-09-11,0.763,False,True
MT-0650,2026-09-12,0.618,False,True
MT-0650,2026-09-13,1.056,False,True
MT-0650,2026-09-14,1.156,False,True
MT-0348,2026-09-01,0.609,False,False
MT-0348,2026-09-02,0.739,False,False
MT-0348,2026-09-03,0.583,False,False
MT-0348,2026-09-04,0.667,False,False
MT-0348,2026-09-05,0.826,False,False
MT-0348,2026-09-06,1.049,False,False
MT-0348,2026-09-07,1.095,False,False
MT-0348,2026-09-08,1.277,False,True
MT-0348,2026-09-09,0.913,False,True
MT-0348,2026-09-10,0.928,False,True
MT-0348,2026-09-11,0.744,False,True
MT-0348,2026-09-12,1.133,False,True
MT-0348,2026-09-13,1.045,False,True
MT-0348,2026-09-14,0.961,False,True
MT-0874,2026-09-01,0.986,False,False
MT-0874,2026-09-02,0.906,False,False
MT-0874,2026-09-03,0.766,False,False
MT-0874,2026-09-04,0.814,False,False
MT-0874,2026-09-05,0.854,False,False
MT-0874,2026-09-06,1.032,False,False
MT-0874,2026-09-07,0.917,False,False
MT-0874,2026-09-08,0.777,False,True
MT-0874,2026-09-09,0.825,False,True
MT-0874,2026-09-10,0.592,False,True
MT-0874,2026-09-11,0.784,False,True
MT-0874,2026-09-12,0.91,False,True
MT-0874,2026-09-13,0.957,False,True
MT-0874,2026-09-14,0.981,False,True
MT-0849,2026-09-01,1.102,False,False
MT-0849,2026-09-02,1.126,False,False
MT-0849,2026-09-03,0.843,False,False
MT-0849,2026-09-04,0.641,False,False
MT-0849,2026-09-05,0.939,False,False
MT-0849,2026-09-06,0.931,False,False
MT-0849,2026-09-07,0.854,False,False
MT-0849,2026-09-08,0.763,False,True
MT-0849,2026-09-09,1.072,False,True
MT-0849,2026-09-10,0.811,False,True
MT-0849,2026-09-11,0.72,False,True
MT-0849,2026-09-12,0.739,False,True
MT-0849,2026-09-13,0.787,False,True
MT-0849,2026-09-14,0.668,False,True
MT-0544,2026-09-01,1.325,False,False
MT-0544,2026-09-02,1.063,False,False
MT-0544,2026-09-03,0.689,False,False
MT-0544,2026-09-04,0.534,False,False
MT-0544,2026-09-05,0.41,False,False
MT-0544,2026-09-06,0.873,False,False
MT-0544,2026-09-07,1.307,False,False
MT-0544,2026-09-08,0.95,False,True
MT-0544,2026-09-09,1.03,False,True
MT-0544,2026-09-10,0.851,False,True
MT-0544,2026-09-11,0.486,False,True
MT-0544,2026-09-12,0.692,False,True
MT-0544,2026-09-13,0.886,False,True
MT-0544,2026-09-14,0.733,False,True
MT-0950,2026-09-01,1.051,False,False
MT-0950,2026-09-02,0.872,False,False
MT-0950,2026-09-03,0.626,False,False
MT-0950,2026-09-04,0.82,False,False
MT-0950,2026-09-05,0.853,False,False
MT-0950,2026-09-06,0.879,False,False
MT-0950,2026-09-07,1.075,False,False
MT-0950,2026-09-08,0.989,False,True
MT-0950,2026-09-09,0.724,False,True
MT-0950,2026-09-10,0.933,False,True
MT-0950,2026-09-11,0.718,False,True
MT-0950,2026-09-12,0.88,False,True
MT-0950,2026-09-13,0.673,False,True
MT-0950,2026-09-14,0.906,False,True
MT-0105,2026-09-01,0.777,False,False
MT-0105,2026-09-02,0.809,False,False
MT-0105,2026-09-03,0.745,False,False
MT-0105,2026-09-04,0.644,False,False
MT-0105,2026-09-05,1.118,False,False
MT-0105,2026-09-06,0.831,False,False
MT-0105,2026-09-07,1.115,False,False
MT-0105,2026-09-08,1.095,False,True
MT-0105,2026-09-09,0.922,False,True
MT-0105,2026-09-10,0.886,False,True
MT-0105,2026-09-11,0.747,False,True
MT-0105,2026-09-12,0.602,True,True
MT-0105,2026-09-13,0.498,True,True
MT-0105,2026-09-14,0.797,False,True
MT-0493,2026-09-01,0.758,False,False
MT-0493,2026-09-02,0.589,False,False
MT-0493,2026-09-03,0.954,False,False
MT-0493,2026-09-04,0.897,False,False
MT-0493,2026-09-05,0.677,False,False
MT-0493,2026-09-06,1.112,False,False
MT-0493,2026-09-07,0.799,False,False
MT-0493,2026-09-08,0.931,False,True
MT-0493,2026-09-09,0.955,False,True
MT-0493,2026-09-10,0.87,False,True
MT-0493,2026-09-11,0.829,False,True
MT-0493,2026-09-12,0.688,False,True
MT-0493,2026-09-13,0.793,False,True
MT-0493,2026-09-14,0.99,False,True
MT-0591,2026-09-01,0.945,False,False
MT-0591,2026-09-02,0.922,False,False
MT-0591,2026-09-03,0.839,False,False
MT-0591,2026-09-04,1.035,False,False
MT-0591,2026-09-05,1.023,False,False
MT-0591,2026-09-06,0.993,False,False
MT-0591,2026-09-07,0.897,False,False
MT-0591,2026-09-08,0.669,False,True
MT-0591,2026-09-09,0.742,False,True
MT-0591,2026-09-10,0.865,False,True
MT-0591,2026-09-11,1.013,False,True
MT-0591,2026-09-12,0.714,False,True
MT-0591,2026-09-13,0.63,False,True
MT-0591,2026-09-14,0.852,False,True
MT-0074,2026-09-01,0.707,False,False
MT-0074,2026-09-02,0.516,False,False
MT-0074,2026-09-03,0.748,False,False
MT-0074,2026-09-04,0.83,False,False
MT-0074,2026-09-05,0.85,False,False
MT-0074,2026-09-06,0.911,False,False
MT-0074,2026-09-07,0.872,False,False
MT-0074,2026-09-08,0.823,False,True
MT-0074,2026-09-09,0.91,False,True
MT-0074,2026-09-10,0.779,False,True
MT-0074,2026-09-11,0.791,False,True
MT-0074,2026-09-12,0.718,False,True
MT-0074,2026-09-13,0.842,False,True
MT-0074,2026-09-14,0.836,False,True
MT-0646,2026-09-01,0.819,False,False
MT-0646,2026-09-02,0.875,False,False
MT-0646,2026-09-03,1.09,False,False
MT-0646,2026-09-04,1.16,False,False
MT-0646,2026-09-05,1.021,False,False
MT-0646,2026-09-06,0.988,False,False
MT-0646,2026-09-07,0.964,False,False
MT-0646,2026-09-08,1.1,False,True
MT-0646,2026-09-09,1.046,False,True
MT-0646,2026-09-10,0.928,False,True
MT-0646,2026-09-11,1.074,False,True
MT-0646,2026-09-12,1.119,False,True
MT-0646,2026-09-13,1.115,False,True
MT-0646,2026-09-14,1.085,False,True
MT-0408,2026-09-01,0.822,False,False
MT-0408,2026-09-02,0.984,False,False
MT-0408,2026-09-03,0.899,False,False
MT-0408,2026-09-04,1.069,False,False
MT-0408,2026-09-05,1.001,False,False
MT-0408,2026-09-06,0.556,False,False
MT-0408,2026-09-07,0.782,False,False
MT-0408,2026-09-08,0.483,False,True
MT-0408,2026-09-09,0.804,False,True
MT-0408,2026-09-10,1.012,False,True
MT-0408,2026-09-11,1.072,False,True
MT-0408,2026-09-12,0.733,False,True
MT-0408,2026-09-13,0.74,False,True
MT-0408,2026-09-14,0.633,False,True
MT-0635,2026-09-01,0.985,False,False
MT-0635,2026-09-02,1.071,False,False
MT-0635,2026-09-03,0.873,False,False
MT-0635,2026-09-04,0.88,False,False
MT-0635,2026-09-05,0.867,False,False
MT-0635,2026-09-06,1.071,False,False
MT-0635,2026-09-07,0.999,False,False
MT-0635,2026-09-08,1.016,False,True
MT-0635,2026-09-09,0.928,False,True
MT-0635,2026-09-10,0.905,False,True
MT-0635,2026-09-11,0.82,False,True
MT-0635,2026-09-12,0.93,False,True
MT-0635,2026-09-13,1.081,False,True
MT-0635,2026-09-14,0.954,False,True
MT-0881,2026-09-01,0.96,False,False
MT-0881,2026-09-02,0.473,False,False
MT-0881,2026-09-03,0.937,False,False
MT-0881,2026-09-04,0.984,False,False
MT-0881,2026-09-05,0.641,False,False
MT-0881,2026-09-06,0.886,False,False
MT-0881,2026-09-07,0.803,False,False
MT-0881,2026-09-08,1.034,False,True
MT-0881,2026-09-09,0.884,False,True
MT-0881,2026-09-10,1.038,False,True
MT-0881,2026-09-11,0.948,False,True
MT-0881,2026-09-12,0.84,False,True
MT-0881,2026-09-13,1.263,False,True
MT-0881,2026-09-14,1.063,False,True
MT-0505,2026-09-01,0.965,False,False
MT-0505,2026-09-02,1.047,False,False
MT-0505,2026-09-03,0.778,False,False
MT-0505,2026-09-04,0.684,False,False
MT-0505,2026-09-05,0.917,False,False
MT-0505,2026-09-06,1.027,False,False
MT-0505,2026-09-07,0.889,False,False
MT-0505,2026-09-08,0.919,False,True
MT-0505,2026-09-09,0.794,False,True
MT-0505,2026-09-10,0.978,False,True
MT-0505,2026-09-11,0.884,False,True
MT-0505,2026-09-12,1.068,False,True
MT-0505,2026-09-13,1.177,False,True
MT-0505,2026-09-14,1.044,False,True
MT-0320,2026-09-01,0.811,False,False
MT-0320,2026-09-02,1.006,False,False
MT-0320,2026-09-03,1.307,False,False
MT-0320,2026-09-04,0.734,False,False
MT-0320,2026-09-05,0.812,False,False
MT-0320,2026-09-06,0.858,False,False
MT-0320,2026-09-07,0.778,False,False
MT-0320,2026-09-08,0.744,False,True
MT-0320,2026-09-09,0.534,False,True
MT-0320,2026-09-10,0.687,False,True
MT-0320,2026-09-11,0.914,False,True
MT-0320,2026-09-12,1.166,False,True
MT-0320,2026-09-13,1.23,False,True
MT-0320,2026-09-14,1.049,False,True
MT-0722,2026-09-01,1.234,False,False
MT-0722,2026-09-02,1.077,True,False
MT-0722,2026-09-03,0.588,True,False
MT-0722,2026-09-04,0.612,True,False
MT-0722,2026-09-05,0.505,False,False
MT-0722,2026-09-06,1.072,False,False
MT-0722,2026-09-07,1.017,False,False
MT-0722,2026-09-08,1.181,False,True
MT-0722,2026-09-09,0.982,False,True
MT-0722,2026-09-10,0.891,False,True
MT-0722,2026-09-11,1.441,False,True
MT-0722,2026-09-12,1.355,False,True
MT-0722,2026-09-13,1.299,False,True
MT-0722,2026-09-14,0.813,False,True
MT-0298,2026-09-01,0.762,False,False
MT-0298,2026-09-02,1.033,False,False
MT-0298,2026-09-03,1.075,False,False
MT-0298,2026-09-04,0.98,False,False
MT-0298,2026-09-05,0.575,False,False
MT-0298,2026-09-06,0.715,False,False
MT-0298,2026-09-07,0.804,False,False
MT-0298,2026-09-08,0.894,False,True
MT-0298,2026-09-09,0.964,False,True
MT-0298,2026-09-10,0.854,False,True
MT-0298,2026-09-11,0.957,False,True
MT-0298,2026-09-12,0.484,False,True
MT-0298,2026-09-13,0.763,False,True
MT-0298,2026-09-14,0.77,False,True
MT-0419,2026-09-01,0.451,False,False
MT-0419,2026-09-02,0.603,False,False
MT-0419,2026-09-03,0.802,False,False
MT-0419,2026-09-04,1.308,False,False
MT-0419,2026-09-05,0.846,False,False
MT-0419,2026-09-06,0.454,False,False
MT-0419,2026-09-07,0.55,False,False
MT-0419,2026-09-08,0.747,False,True
MT-0419,2026-09-09,0.888,False,True
MT-0419,2026-09-10,0.687,False,True
MT-0419,2026-09-11,0.727,False,True
MT-0419,2026-09-12,1.005,False,True
MT-0419,2026-09-13,0.819,False,True
MT-0419,2026-09-14,1.18,False,True
MT-0806,2026-09-01,0.858,False,False
MT-0806,2026-09-02,0.827,False,False
MT-0806,2026-09-03,0.615,False,False
MT-0806,2026-09-04,0.808,False,False
MT-0806,2026-09-05,0.858,False,False
MT-0806,2026-09-06,0.824,False,False
MT-0806,2026-09-07,0.687,False,False
MT-0806,2026-09-08,0.944,False,True
MT-0806,2026-09-09,0.96,False,True
MT-0806,2026-09-10,0.814,False,True
MT-0806,2026-09-11,0.809,False,True
MT-0806,2026-09-12,0.719,False,True
MT-0806,2026-09-13,1.038,False,True
MT-0806,2026-09-14,0.848,False,True
MT-0429,2026-09-01,0.599,False,False
MT-0429,2026-09-02,0.55,False,False
MT-0429,2026-09-03,0.999,False,False
MT-0429,2026-09-04,0.767,False,False
MT-0429,2026-09-05,1.043,False,False
MT-0429,2026-09-06,0.982,False,False
MT-0429,2026-09-07,0.918,False,False
MT-0429,2026-09-08,0.7,False,True
MT-0429,2026-09-09,0.952,False,True
MT-0429,2026-09-10,0.926,False,True
MT-0429,2026-09-11,0.577,True,True
MT-0429,2026-09-12,0.437,True,True
MT-0429,2026-09-13,0.555,False,True
MT-0429,2026-09-14,0.949,False,True
MT-0140,2026-09-01,0.895,False,False
MT-0140,2026-09-02,0.958,False,False
MT-0140,2026-09-03,1.03,False,False
MT-0140,2026-09-04,1.012,False,False
MT-0140,2026-09-05,0.812,False,False
MT-0140,2026-09-06,0.82,False,False
MT-0140,2026-09-07,0.944,False,False
MT-0140,2026-09-08,0.864,False,True
MT-0140,2026-09-09,0.808,False,True
MT-0140,2026-09-10,1.055,False,True
MT-0140,2026-09-11,0.973,False,True
MT-0140,2026-09-12,1.219,False,True
MT-0140,2026-09-13,1.042,False,True
MT-0140,2026-09-14,0.983,False,True
MT-0897,2026-09-01,0.905,False,False
MT-0897,2026-09-02,0.813,False,False
MT-0897,2026-09-03,0.915,False,False
MT-0897,2026-09-04,0.98,False,False
MT-0897,2026-09-05,0.705,False,False
MT-0897,2026-09-06,0.541,False,False
MT-0897,2026-09-07,0.7,False,False
MT-0897,2026-09-08,0.673,False,True
MT-0897,2026-09-09,0.72,False,True
MT-0897,2026-09-10,0.772,False,True
MT-0897,2026-09-11,0.703,False,True
MT-0897,2026-09-12,0.745,False,True
MT-0897,2026-09-13,0.608,False,True
MT-0897,2026-09-14,0.777,False,True
MT-0738,2026-09-01,1.072,False,False
MT-0738,2026-09-02,1.046,False,False
MT-0738,2026-09-03,0.604,False,False
MT-0738,2026-09-04,0.682,False,False
MT-0738,2026-09-05,0.855,False,False
MT-0738,2026-09-06,0.641,False,False
MT-0738,2026-09-07,0.862,False,False
MT-0738,2026-09-08,0.433,False,True
MT-0738,2026-09-09,0.502,False,True
MT-0738,2026-09-10,0.687,False,True
MT-0738,2026-09-11,0.92,False,True
MT-0738,2026-09-12,0.811,False,True
MT-0738,2026-09-13,0.832,False,True
MT-0738,2026-09-14,0.806,False,True
MT-0477,2026-09-01,0.979,False,False
MT-0477,2026-09-02,1.052,False,False
MT-0477,2026-09-03,0.959,False,False
MT-0477,2026-09-04,0.913,False,False
MT-0477,2026-09-05,1.035,False,False
MT-0477,2026-09-06,0.891,False,False
MT-0477,2026-09-07,1.033,False,False
MT-0477,2026-09-08,0.687,False,True
MT-0477,2026-09-09,1.083,False,True
MT-0477,2026-09-10,0.897,False,True
MT-0477,2026-09-11,1.151,False,True
MT-0477,2026-09-12,1.115,False,True
MT-0477,2026-09-13,0.958,False,True
MT-0477,2026-09-14,0.84,False,True
MT-0125,2026-09-01,0.949,False,False
MT-0125,2026-09-02,1.062,False,False
MT-0125,2026-09-03,0.878,False,False
MT-0125,2026-09-04,0.746,False,False
MT-0125,2026-09-05,1.124,False,False
MT-0125,2026-09-06,1.118,False,False
MT-0125,2026-09-07,0.945,False,False
MT-0125,2026-09-08,1.013,False,True
MT-0125,2026-09-09,1.001,False,True
MT-0125,2026-09-10,0.961,False,True
MT-0125,2026-09-11,0.919,False,True
MT-0125,2026-09-12,0.591,False,True
MT-0125,2026-09-13,0.486,False,True
MT-0125,2026-09-14,0.848,False,True
MT-0640,2026-09-01,0.744,False,False
MT-0640,2026-09-02,0.754,False,False
MT-0640,2026-09-03,0.917,False,False
MT-0640,2026-09-04,0.909,False,False
MT-0640,2026-09-05,0.856,False,False
MT-0640,2026-09-06,0.906,False,False
MT-0640,2026-09-07,0.935,False,False
MT-0640,2026-09-08,0.975,False,True
MT-0640,2026-09-09,0.949,False,True
MT-0640,2026-09-10,0.864,False,True
MT-0640,2026-09-11,0.949,False,True
MT-0640,2026-09-12,0.867,False,True
MT-0640,2026-09-13,0.924,False,True
MT-0640,2026-09-14,0.909,False,True
MT-0911,2026-09-01,1.037,False,False
MT-0911,2026-09-02,0.834,False,False
MT-0911,2026-09-03,0.583,False,False
MT-0911,2026-09-04,0.841,False,False
MT-0911,2026-09-05,0.957,False,False
MT-0911,2026-09-06,1.086,False,False
MT-0911,2026-09-07,0.876,False,False
MT-0911,2026-09-08,0.838,False,True
MT-0911,2026-09-09,0.921,False,True
MT-0911,2026-09-10,0.692,False,True
MT-0911,2026-09-11,0.95,False,True
MT-0911,2026-09-12,1.163,False,True
MT-0911,2026-09-13,0.983,False,True
MT-0911,2026-09-14,0.926,False,True
MT-0003,2026-09-01,0.837,False,False
MT-0003,2026-09-02,0.747,False,False
MT-0003,2026-09-03,0.534,False,False
MT-0003,2026-09-04,0.851,False,False
MT-0003,2026-09-05,0.988,False,False
MT-0003,2026-09-06,1.222,False,False
MT-0003,2026-09-07,0.941,False,False
MT-0003,2026-09-08,0.879,False,True
MT-0003,2026-09-09,0.981,False,True
MT-0003,2026-09-10,1.179,False,True
MT-0003,2026-09-11,1.03,False,True
MT-0003,2026-09-12,1.027,False,True
MT-0003,2026-09-13,1.188,False,True
MT-0003,2026-09-14,1.033,False,True
MT-0276,2026-09-01,1.058,False,False
MT-0276,2026-09-02,1.23,False,False
MT-0276,2026-09-03,0.508,False,False
MT-0276,2026-09-04,0.755,False,False
MT-0276,2026-09-05,0.958,False,False
MT-0276,2026-09-06,0.914,False,False
MT-0276,2026-09-07,0.735,False,False
MT-0276,2026-09-08,0.902,False,True
MT-0276,2026-09-09,0.799,False,True
MT-0276,2026-09-10,0.669,False,True
MT-0276,2026-09-11,1.111,False,True
MT-0276,2026-09-12,0.93,False,True
MT-0276,2026-09-13,0.943,False,True
MT-0276,2026-09-14,1.071,False,True
MT-0006,2026-09-01,1.448,False,False
MT-0006,2026-09-02,1.043,False,False
MT-0006,2026-09-03,1.048,False,False
MT-0006,2026-09-04,1.022,False,False
MT-0006,2026-09-05,0.935,False,False
MT-0006,2026-09-06,0.892,False,False
MT-0006,2026-09-07,0.879,False,False
MT-0006,2026-09-08,1.109,False,True
MT-0006,2026-09-09,0.536,True,True
MT-0006,2026-09-10,0.423,True,True
MT-0006,2026-09-11,0.418,True,True
MT-0006,2026-09-12,0.523,False,True
MT-0006,2026-09-13,0.996,False,True
MT-0006,2026-09-14,0.668,False,True
MT-0397,2026-09-01,0.944,False,False
MT-0397,2026-09-02,0.895,False,False
MT-0397,2026-09-03,0.852,False,False
MT-0397,2026-09-04,1.004,False,False
MT-0397,2026-09-05,0.888,False,False
MT-0397,2026-09-06,0.719,False,False
MT-0397,2026-09-07,0.9,False,False
MT-0397,2026-09-08,0.921,False,True
MT-0397,2026-09-09,0.827,False,True
MT-0397,2026-09-10,0.939,False,True
MT-0397,2026-09-11,0.784,False,True
MT-0397,2026-09-12,0.745,False,True
MT-0397,2026-09-13,0.931,False,True
MT-0397,2026-09-14,0.918,False,True
MT-0057,2026-09-01,1.069,False,False
MT-0057,2026-09-02,0.963,False,False
MT-0057,2026-09-03,0.863,False,False
MT-0057,2026-09-04,0.922,False,False
MT-0057,2026-09-05,0.776,False,False
MT-0057,2026-09-06,0.894,False,False
MT-0057,2026-09-07,0.93,False,False
MT-0057,2026-09-08,0.8,False,True
MT-0057,2026-09-09,0.753,False,True
MT-0057,2026-09-10,0.988,False,True
MT-0057,2026-09-11,0.901,False,True
MT-0057,2026-09-12,0.674,False,True
MT-0057,2026-09-13,0.764,False,True
MT-0057,2026-09-14,0.879,False,True
MT-0651,2026-09-01,0.654,False,False
MT-0651,2026-09-02,0.679,False,False
MT-0651,2026-09-03,0.536,False,False
MT-0651,2026-09-04,0.861,False,False
MT-0651,2026-09-05,0.681,False,False
MT-0651,2026-09-06,0.777,False,False
MT-0651,2026-09-07,1.032,False,False
MT-0651,2026-09-08,0.889,False,True
MT-0651,2026-09-09,0.804,False,True
MT-0651,2026-09-10,0.837,False,True
MT-0651,2026-09-11,0.81,False,True
MT-0651,2026-09-12,0.816,False,True
MT-0651,2026-09-13,0.859,False,True
MT-0651,2026-09-14,0.857,False,True
MT-0468,2026-09-01,1.039,False,False
MT-0468,2026-09-02,1.023,False,False
MT-0468,2026-09-03,0.639,False,False
MT-0468,2026-09-04,0.825,False,False
MT-0468,2026-09-05,0.82,False,False
MT-0468,2026-09-06,0.552,False,False
MT-0468,2026-09-07,0.979,False,False
MT-0468,2026-09-08,0.869,False,True
MT-0468,2026-09-09,0.836,False,True
MT-0468,2026-09-10,0.975,False,True
MT-0468,2026-09-11,1.012,False,True
MT-0468,2026-09-12,0.7,False,True
MT-0468,2026-09-13,0.674,False,True
MT-0468,2026-09-14,0.72,False,True
MT-0424,2026-09-01,0.621,False,False
MT-0424,2026-09-02,0.939,False,False
MT-0424,2026-09-03,1.051,False,False
MT-0424,2026-09-04,0.711,False,False
MT-0424,2026-09-05,0.933,False,False
MT-0424,2026-09-06,0.868,False,False
MT-0424,2026-09-07,1.062,False,False
MT-0424,2026-09-08,0.99,False,True
MT-0424,2026-09-09,1.154,False,True
MT-0424,2026-09-10,0.857,False,True
MT-0424,2026-09-11,0.952,False,True
MT-0424,2026-09-12,0.936,False,True
MT-0424,2026-09-13,0.858,False,True
MT-0424,2026-09-14,0.947,False,True
MT-0050,2026-09-01,1.064,False,False
MT-0050,2026-09-02,0.872,False,False
MT-0050,2026-09-03,0.958,False,False
MT-0050,2026-09-04,0.891,False,False
MT-0050,2026-09-05,0.775,False,False
MT-0050,2026-09-06,0.89,False,False
MT-0050,2026-09-07,0.872,False,False
MT-0050,2026-09-08,0.797,False,True
MT-0050,2026-09-09,0.767,False,True
MT-0050,2026-09-10,0.82,False,True
MT-0050,2026-09-11,1.188,False,True
MT-0050,2026-09-12,0.932,False,True
MT-0050,2026-09-13,1.034,False,True
MT-0050,2026-09-14,0.745,False,True
MT-0955,2026-09-01,1.098,False,False
MT-0955,2026-09-02,1.183,False,False
MT-0955,2026-09-03,1.165,False,False
MT-0955,2026-09-04,0.916,False,False
MT-0955,2026-09-05,0.873,False,False
MT-0955,2026-09-06,0.735,False,False
MT-0955,2026-09-07,0.69,False,False
MT-0955,2026-09-08,0.717,False,True
MT-0955,2026-09-09,1.067,False,True
MT-0955,2026-09-10,0.831,False,True
MT-0955,2026-09-11,0.918,False,True
MT-0955,2026-09-12,0.92,False,True
MT-0955,2026-09-13,0.578,False,True
MT-0955,2026-09-14,0.774,False,True
MT-0927,2026-09-01,0.918,False,False
MT-0927,2026-09-02,0.791,False,False
MT-0927,2026-09-03,0.769,False,False
MT-0927,2026-09-04,1.016,False,False
MT-0927,2026-09-05,0.81,False,False
MT-0927,2026-09-06,1.07,False,False
MT-0927,2026-09-07,1.038,False,False
MT-0927,2026-09-08,0.901,False,True
MT-0927,2026-09-09,0.943,False,True
MT-0927,2026-09-10,1.041,False,True
MT-0927,2026-09-11,0.895,False,True
MT-0927,2026-09-12,0.652,False,True
MT-0927,2026-09-13,0.841,False,True
MT-0927,2026-09-14,1.041,False,True
MT-0215,2026-09-01,0.845,False,False
MT-0215,2026-09-02,0.91,False,False
MT-0215,2026-09-03,0.83,False,False
MT-0215,2026-09-04,1.006,False,False
MT-0215,2026-09-05,1.162,False,False
MT-0215,2026-09-06,1.062,False,False
MT-0215,2026-09-07,0.744,False,False
MT-0215,2026-09-08,1.088,False,True
MT-0215,2026-09-09,1.083,False,True
MT-0215,2026-09-10,0.981,False,True
MT-0215,2026-09-11,1.122,False,True
MT-0215,2026-09-12,0.927,False,True
MT-0215,2026-09-13,0.953,False,True
MT-0215,2026-09-14,1.053,False,True
MT-0616,2026-09-01,0.993,False,False
MT-0616,2026-09-02,1.032,False,False
MT-0616,2026-09-03,1.108,False,False
MT-0616,2026-09-04,0.692,True,False
MT-0616,2026-09-05,0.444,True,False
MT-0616,2026-09-06,0.438,True,False
MT-0616,2026-09-07,0.721,False,False
MT-0616,2026-09-08,1.297,False,True
MT-0616,2026-09-09,1.301,False,True
MT-0616,2026-09-10,1.286,False,True
MT-0616,2026-09-11,1.019,False,True
MT-0616,2026-09-12,0.7,False,True
MT-0616,2026-09-13,0.743,False,True
MT-0616,2026-09-14,1.1,False,True
MT-0667,2026-09-01,0.913,False,False
MT-0667,2026-09-02,0.919,False,False
MT-0667,2026-09-03,0.439,False,False
MT-0667,2026-09-04,0.872,False,False
MT-0667,2026-09-05,0.911,False,False
MT-0667,2026-09-06,0.83,False,False
MT-0667,2026-09-07,0.878,False,False
MT-0667,2026-09-08,0.767,False,True
MT-0667,2026-09-09,0.987,False,True
MT-0667,2026-09-10,0.959,False,True
MT-0667,2026-09-11,0.867,False,True
MT-0667,2026-09-12,0.645,False,True
MT-0667,2026-09-13,0.987,False,True
MT-0667,2026-09-14,0.836,False,True
MT-0220,2026-09-01,1.041,False,False
MT-0220,2026-09-02,0.849,False,False
MT-0220,2026-09-03,0.953,False,False
MT-0220,2026-09-04,0.528,False,False
MT-0220,2026-09-05,1.031,False,False
MT-0220,2026-09-06,1.076,False,False
MT-0220,2026-09-07,1.014,False,False
MT-0220,2026-09-08,1.099,False,True
MT-0220,2026-09-09,0.751,False,True
MT-0220,2026-09-10,0.92,False,True
MT-0220,2026-09-11,1.069,False,True
MT-0220,2026-09-12,0.966,False,True
MT-0220,2026-09-13,0.919,False,True
MT-0220,2026-09-14,0.955,False,True
MT-0535,2026-09-01,0.715,False,False
MT-0535,2026-09-02,0.971,False,False
MT-0535,2026-09-03,0.88,False,False
MT-0535,2026-09-04,0.695,False,False
MT-0535,2026-09-05,0.522,False,False
MT-0535,2026-09-06,0.956,False,False
MT-0535,2026-09-07,0.75,False,False
MT-0535,2026-09-08,0.664,False,True
MT-0535,2026-09-09,0.673,False,True
MT-0535,2026-09-10,0.622,False,True
MT-0535,2026-09-11,0.441,False,True
MT-0535,2026-09-12,0.492,False,True
MT-0535,2026-09-13,0.659,False,True
MT-0535,2026-09-14,0.776,False,True
MT-0333,2026-09-01,0.846,False,False
MT-0333,2026-09-02,0.694,False,False
MT-0333,2026-09-03,0.782,False,False
MT-0333,2026-09-04,0.694,False,False
MT-0333,2026-09-05,1.036,False,False
MT-0333,2026-09-06,1.081,False,False
MT-0333,2026-09-07,1.095,False,False
MT-0333,2026-09-08,1.142,False,True
MT-0333,2026-09-09,1.204,False,True
MT-0333,2026-09-10,1.047,False,True
MT-0333,2026-09-11,1.011,False,True
MT-0333,2026-09-12,1.211,False,True
MT-0333,2026-09-13,0.521,False,True
MT-0333,2026-09-14,0.923,False,True
MT-0503,2026-09-01,0.986,False,False
MT-0503,2026-09-02,0.922,False,False
MT-0503,2026-09-03,0.608,False,False
MT-0503,2026-09-04,0.761,False,False
MT-0503,2026-09-05,1.067,False,False
MT-0503,2026-09-06,0.906,False,False
MT-0503,2026-09-07,0.89,False,False
MT-0503,2026-09-08,1.212,False,True
MT-0503,2026-09-09,0.967,False,True
MT-0503,2026-09-10,0.76,False,True
MT-0503,2026-09-11,1.109,False,True
MT-0503,2026-09-12,0.866,False,True
MT-0503,2026-09-13,1.151,False,True
MT-0503,2026-09-14,1.267,False,True
MT-0108,2026-09-01,0.992,False,False
MT-0108,2026-09-02,0.868,False,False
MT-0108,2026-09-03,1.04,False,False
MT-0108,2026-09-04,1.013,False,False
MT-0108,2026-09-05,1.123,False,False
MT-0108,2026-09-06,1.073,False,False
MT-0108,2026-09-07,1.102,False,False
MT-0108,2026-09-08,0.87,False,True
MT-0108,2026-09-09,0.848,False,True
MT-0108,2026-09-10,1.21,False,True
MT-0108,2026-09-11,1.058,False,True
MT-0108,2026-09-12,1.105,False,True
MT-0108,2026-09-13,0.989,False,True
MT-0108,2026-09-14,1.141,False,True
MT-0953,2026-09-01,0.812,False,False
MT-0953,2026-09-02,0.963,False,False
MT-0953,2026-09-03,0.993,False,False
MT-0953,2026-09-04,1.019,False,False
MT-0953,2026-09-05,0.586,False,False
MT-0953,2026-09-06,0.615,False,False
MT-0953,2026-09-07,0.728,False,False
MT-0953,2026-09-08,0.924,False,True
MT-0953,2026-09-09,0.714,False,True
MT-0953,2026-09-10,0.898,False,True
MT-0953,2026-09-11,1.013,False,True
MT-0953,2026-09-12,0.633,False,True
MT-0953,2026-09-13,0.98,False,True
MT-0953,2026-09-14,0.783,False,True
MT-0179,2026-09-01,0.873,False,False
MT-0179,2026-09-02,1.183,False,False
MT-0179,2026-09-03,1.078,False,False
MT-0179,2026-09-04,0.859,False,False
MT-0179,2026-09-05,0.863,False,False
MT-0179,2026-09-06,0.706,False,False
MT-0179,2026-09-07,0.93,False,False
MT-0179,2026-09-08,1.013,False,True
MT-0179,2026-09-09,0.905,False,True
MT-0179,2026-09-10,1.126,False,True
MT-0179,2026-09-11,0.878,False,True
MT-0179,2026-09-12,0.804,False,True
MT-0179,2026-09-13,0.693,False,True
MT-0179,2026-09-14,0.669,False,True
MT-0096,2026-09-01,0.881,False,False
MT-0096,2026-09-02,0.923,False,False
MT-0096,2026-09-03,0.836,False,False
MT-0096,2026-09-04,0.867,False,False
MT-0096,2026-09-05,0.85,False,False
MT-0096,2026-09-06,0.815,False,False
MT-0096,2026-09-07,0.853,False,False
MT-0096,2026-09-08,0.996,False,True
MT-0096,2026-09-09,0.691,False,True
MT-0096,2026-09-10,0.439,False,True
MT-0096,2026-09-11,0.693,False,True
MT-0096,2026-09-12,0.911,False,True
MT-0096,2026-09-13,0.545,False,True
MT-0096,2026-09-14,0.597,False,True
MT-0177,2026-09-01,0.882,False,False
MT-0177,2026-09-02,1.015,False,False
MT-0177,2026-09-03,1.017,False,False
MT-0177,2026-09-04,0.475,False,False
MT-0177,2026-09-05,0.901,False,False
MT-0177,2026-09-06,1.065,False,False
MT-0177,2026-09-07,1.034,False,False
MT-0177,2026-09-08,0.866,False,True
MT-0177,2026-09-09,0.824,False,True
MT-0177,2026-09-10,1.039,False,True
MT-0177,2026-09-11,1.124,False,True
MT-0177,2026-09-12,0.788,False,True
MT-0177,2026-09-13,0.965,False,True
MT-0177,2026-09-14,1.167,False,True
MT-0913,2026-09-01,0.817,False,False
MT-0913,2026-09-02,0.911,False,False
MT-0913,2026-09-03,0.764,False,False
MT-0913,2026-09-04,0.763,False,False
MT-0913,2026-09-05,0.721,False,False
MT-0913,2026-09-06,0.999,False,False
MT-0913,2026-09-07,0.772,False,False
MT-0913,2026-09-08,0.95,False,True
MT-0913,2026-09-09,1.037,False,True
MT-0913,2026-09-10,1.066,False,True
MT-0913,2026-09-11,0.638,False,True
MT-0913,2026-09-12,0.451,False,True
MT-0913,2026-09-13,0.474,False,True
MT-0913,2026-09-14,0.459,False,True
MT-0109,2026-09-01,0.795,False,False
MT-0109,2026-09-02,0.925,False,False
MT-0109,2026-09-03,0.843,False,False
MT-0109,2026-09-04,0.78,False,False
MT-0109,2026-09-05,0.885,False,False
MT-0109,2026-09-06,0.885,False,False
MT-0109,2026-09-07,1.147,False,False
MT-0109,2026-09-08,1.025,False,True
MT-0109,2026-09-09,0.778,False,True
MT-0109,2026-09-10,0.606,False,True
MT-0109,2026-09-11,0.418,False,True
MT-0109,2026-09-12,0.515,False,True
MT-0109,2026-09-13,0.481,False,True
MT-0109,2026-09-14,0.438,False,True
MT-0560,2026-09-01,0.821,False,False
MT-0560,2026-09-02,0.931,False,False
MT-0560,2026-09-03,0.913,False,False
MT-0560,2026-09-04,0.863,False,False
MT-0560,2026-09-05,0.733,False,False
MT-0560,2026-09-06,0.592,False,False
MT-0560,2026-09-07,0.746,False,False
MT-0560,2026-09-08,0.932,False,True
MT-0560,2026-09-09,0.93,False,True
MT-0560,2026-09-10,0.933,False,True
MT-0560,2026-09-11,1.061,False,True
MT-0560,2026-09-12,0.84,False,True
MT-0560,2026-09-13,0.554,False,True
MT-0560,2026-09-14,0.814,False,True
MT-0818,2026-09-01,0.959,False,False
MT-0818,2026-09-02,0.873,False,False
MT-0818,2026-09-03,0.899,False,False
MT-0818,2026-09-04,0.898,False,False
MT-0818,2026-09-05,0.661,False,False
MT-0818,2026-09-06,0.84,False,False
MT-0818,2026-09-07,1.049,False,False
MT-0818,2026-09-08,0.696,False,True
MT-0818,2026-09-09,0.587,False,True
MT-0818,2026-09-10,0.666,False,True
MT-0818,2026-09-11,1.107,False,True
MT-0818,2026-09-12,0.886,False,True
MT-0818,2026-09-13,1.015,False,True
MT-0818,2026-09-14,0.8,False,True
MT-0198,2026-09-01,0.895,False,False
MT-0198,2026-09-02,0.935,False,False
MT-0198,2026-09-03,0.988,False,False
MT-0198,2026-09-04,0.91,False,False
MT-0198,2026-09-05,0.607,False,False
MT-0198,2026-09-06,0.708,False,False
MT-0198,2026-09-07,0.77,False,False
MT-0198,2026-09-08,0.815,False,True
MT-0198,2026-09-09,0.775,False,True
MT-0198,2026-09-10,0.635,False,True
MT-0198,2026-09-11,0.581,False,True
MT-0198,2026-09-12,0.596,False,True
MT-0198,2026-09-13,0.489,False,True
MT-0198,2026-09-14,0.482,False,True
MT-0193,2026-09-01,0.725,False,False
MT-0193,2026-09-02,0.807,True,False
MT-0193,2026-09-03,0.476,True,False
MT-0193,2026-09-04,0.441,False,False
MT-0193,2026-09-05,0.733,False,False
MT-0193,2026-09-06,0.915,False,False
MT-0193,2026-09-07,1.202,False,False
MT-0193,2026-09-08,1.017,False,True
MT-0193,2026-09-09,1.043,False,True
MT-0193,2026-09-10,1.33,False,True
MT-0193,2026-09-11,1.398,False,True
MT-0193,2026-09-12,0.751,False,True
MT-0193,2026-09-13,0.998,False,True
MT-0193,2026-09-14,0.94,False,True
MT-0225,2026-09-01,0.597,False,False
MT-0225,2026-09-02,0.418,False,False
MT-0225,2026-09-03,0.614,False,False
MT-0225,2026-09-04,0.984,False,False
MT-0225,2026-09-05,0.919,False,False
MT-0225,2026-09-06,1.463,False,False
MT-0225,2026-09-07,0.834,False,False
MT-0225,2026-09-08,0.732,False,True
MT-0225,2026-09-09,0.762,False,True
MT-0225,2026-09-10,1.027,False,True
MT-0225,2026-09-11,0.927,False,True
MT-0225,2026-09-12,0.917,False,True
MT-0225,2026-09-13,0.662,False,True
MT-0225,2026-09-14,0.501,False,True
MT-0197,2026-09-01,1.081,False,False
MT-0197,2026-09-02,0.818,False,False
MT-0197,2026-09-03,0.785,False,False
MT-0197,2026-09-04,0.788,False,False
MT-0197,2026-09-05,0.845,False,False
MT-0197,2026-09-06,0.722,False,False
MT-0197,2026-09-07,1.039,False,False
MT-0197,2026-09-08,0.918,False,True
MT-0197,2026-09-09,0.996,False,True
MT-0197,2026-09-10,0.854,False,True
MT-0197,2026-09-11,0.773,False,True
MT-0197,2026-09-12,0.654,False,True
MT-0197,2026-09-13,0.898,False,True
MT-0197,2026-09-14,0.66,False,True
MT-0292,2026-09-01,0.987,False,False
MT-0292,2026-09-02,0.855,False,False
MT-0292,2026-09-03,0.93,False,False
MT-0292,2026-09-04,0.722,False,False
MT-0292,2026-09-05,0.606,False,False
MT-0292,2026-09-06,0.836,False,False
MT-0292,2026-09-07,0.879,False,False
MT-0292,2026-09-08,1.041,False,True
MT-0292,2026-09-09,0.934,False,True
MT-0292,2026-09-10,0.921,False,True
MT-0292,2026-09-11,0.822,False,True
MT-0292,2026-09-12,0.767,False,True
MT-0292,2026-09-13,1.033,False,True
MT-0292,2026-09-14,0.823,False,True
MT-0873,2026-09-01,0.917,False,False
MT-0873,2026-09-02,0.806,False,False
MT-0873,2026-09-03,0.698,False,False
MT-0873,2026-09-04,0.904,False,False
MT-0873,2026-09-05,0.637,False,False
MT-0873,2026-09-06,0.619,False,False
MT-0873,2026-09-07,0.79,False,False
MT-0873,2026-09-08,0.459,False,True
MT-0873,2026-09-09,0.803,False,True
MT-0873,2026-09-10,0.521,False,True
MT-0873,2026-09-11,0.837,False,True
MT-0873,2026-09-12,0.839,False,True
MT-0873,2026-09-13,0.943,False,True
MT-0873,2026-09-14,0.614,False,True
MT-0359,2026-09-01,0.858,False,False
MT-0359,2026-09-02,0.998,False,False
MT-0359,2026-09-03,1.049,False,False
MT-0359,2026-09-04,0.97,False,False
MT-0359,2026-09-05,0.73,False,False
MT-0359,2026-09-06,1.01,False,False
MT-0359,2026-09-07,0.983,False,False
MT-0359,2026-09-08,0.93,False,True
MT-0359,2026-09-09,0.719,False,True
MT-0359,2026-09-10,0.958,False,True
MT-0359,2026-09-11,0.973,False,True
MT-0359,2026-09-12,0.724,False,True
MT-0359,2026-09-13,0.957,False,True
MT-0359,2026-09-14,1.004,False,True
MT-0269,2026-09-01,0.697,False,False
MT-0269,2026-09-02,0.505,False,False
MT-0269,2026-09-03,0.702,False,False
MT-0269,2026-09-04,0.826,False,False
MT-0269,2026-09-05,0.785,False,False
MT-0269,2026-09-06,0.714,False,False
MT-0269,2026-09-07,0.976,False,False
MT-0269,2026-09-08,0.902,False,True
MT-0269,2026-09-09,0.816,False,True
MT-0269,2026-09-10,0.737,False,True
MT-0269,2026-09-11,0.94,False,True
MT-0269,2026-09-12,0.89,False,True
MT-0269,2026-09-13,1.024,False,True
MT-0269,2026-09-14,1.013,False,True
MT-0395,2026-09-01,0.74,False,False
MT-0395,2026-09-02,0.658,False,False
MT-0395,2026-09-03,0.87,False,False
MT-0395,2026-09-04,0.998,False,False
MT-0395,2026-09-05,0.785,False,False
MT-0395,2026-09-06,0.645,False,False
MT-0395,2026-09-07,0.874,False,False
MT-0395,2026-09-08,0.815,False,True
MT-0395,2026-09-09,0.658,False,True
MT-0395,2026-09-10,0.655,False,True
MT-0395,2026-09-11,0.615,False,True
MT-0395,2026-09-12,0.77,False,True
MT-0395,2026-09-13,0.86,False,True
MT-0395,2026-09-14,0.742,False,True
MT-0414,2026-09-01,1.028,False,False
MT-0414,2026-09-02,0.882,False,False
MT-0414,2026-09-03,0.804,False,False
MT-0414,2026-09-04,0.772,False,False
MT-0414,2026-09-05,0.97,False,False
MT-0414,2026-09-06,0.977,False,False
MT-0414,2026-09-07,0.957,False,False
MT-0414,2026-09-08,1.036,False,True
MT-0414,2026-09-09,1.03,False,True
MT-0414,2026-09-10,0.986,False,True
MT-0414,2026-09-11,0.996,False,True
MT-0414,2026-09-12,0.766,False,True
MT-0414,2026-09-13,1.113,False,True
MT-0414,2026-09-14,0.999,False,True
MT-0055,2026-09-01,0.954,False,False
MT-0055,2026-09-02,0.921,False,False
MT-0055,2026-09-03,0.952,False,False
MT-0055,2026-09-04,0.989,False,False
MT-0055,2026-09-05,0.922,False,False
MT-0055,2026-09-06,0.831,False,False
MT-0055,2026-09-07,0.777,False,False
MT-0055,2026-09-08,0.768,False,True
MT-0055,2026-09-09,0.718,False,True
MT-0055,2026-09-10,0.672,False,True
MT-0055,2026-09-11,0.825,False,True
MT-0055,2026-09-12,0.876,False,True
MT-0055,2026-09-13,0.679,False,True
MT-0055,2026-09-14,0.772,False,True
MT-0870,2026-09-01,0.996,False,False
MT-0870,2026-09-02,0.766,False,False
MT-0870,2026-09-03,0.784,False,False
MT-0870,2026-09-04,1.013,False,False
MT-0870,2026-09-05,1.133,False,False
MT-0870,2026-09-06,0.777,False,False
MT-0870,2026-09-07,0.949,False,False
MT-0870,2026-09-08,0.886,False,True
MT-0870,2026-09-09,0.613,False,True
MT-0870,2026-09-10,0.484,False,True
MT-0870,2026-09-11,0.548,False,True
MT-0870,2026-09-12,0.945,False,True
MT-0870,2026-09-13,1.006,False,True
MT-0870,2026-09-14,0.882,False,True
MT-0355,2026-09-01,1.049,False,False
MT-0355,2026-09-02,0.901,False,False
MT-0355,2026-09-03,1.047,False,False
MT-0355,2026-09-04,0.905,False,False
MT-0355,2026-09-05,1.03,False,False
MT-0355,2026-09-06,0.989,False,False
MT-0355,2026-09-07,1.033,False,False
MT-0355,2026-09-08,1.042,False,True
MT-0355,2026-09-09,1.018,False,True
MT-0355,2026-09-10,0.691,False,True
MT-0355,2026-09-11,1.021,False,True
MT-0355,2026-09-12,0.984,False,True
MT-0355,2026-09-13,0.896,False,True
MT-0355,2026-09-14,0.918,False,True
MT-0161,2026-09-01,0.609,False,False
MT-0161,2026-09-02,0.508,False,False
MT-0161,2026-09-03,0.784,False,False
MT-0161,2026-09-04,0.609,False,False
MT-0161,2026-09-05,0.718,False,False
MT-0161,2026-09-06,0.729,False,False
MT-0161,2026-09-07,0.827,False,False
MT-0161,2026-09-08,1.057,False,True
MT-0161,2026-09-09,0.759,False,True
MT-0161,2026-09-10,0.761,False,True
MT-0161,2026-09-11,0.729,False,True
MT-0161,2026-09-12,0.663,False,True
MT-0161,2026-09-13,0.564,False,True
MT-0161,2026-09-14,0.862,False,True
MT-0261,2026-09-01,1.301,False,False
MT-0261,2026-09-02,1.493,False,False
MT-0261,2026-09-03,1.141,False,False
MT-0261,2026-09-04,0.718,False,False
MT-0261,2026-09-05,0.506,False,False
MT-0261,2026-09-06,0.514,False,False
MT-0261,2026-09-07,0.783,False,False
MT-0261,2026-09-08,1.532,False,True
MT-0261,2026-09-09,1.519,False,True
MT-0261,2026-09-10,1.802,False,True
MT-0261,2026-09-11,1.755,False,True
MT-0261,2026-09-12,1.624,False,True
MT-0261,2026-09-13,1.818,False,True
MT-0261,2026-09-14,1.412,False,True
MT-0682,2026-09-01,0.774,False,False
MT-0682,2026-09-02,0.73,False,False
MT-0682,2026-09-03,0.838,False,False
MT-0682,2026-09-04,0.865,False,False
MT-0682,2026-09-05,0.886,False,False
MT-0682,2026-09-06,0.891,False,False
MT-0682,2026-09-07,1.004,False,False
MT-0682,2026-09-08,0.992,False,True
MT-0682,2026-09-09,0.835,False,True
MT-0682,2026-09-10,0.825,False,True
MT-0682,2026-09-11,0.897,False,True
MT-0682,2026-09-12,0.773,False,True
MT-0682,2026-09-13,0.787,False,True
MT-0682,2026-09-14,0.972,False,True
MT-0520,2026-09-01,0.684,False,False
MT-0520,2026-09-02,0.756,False,False
MT-0520,2026-09-03,0.546,False,False
MT-0520,2026-09-04,0.725,False,False
MT-0520,2026-09-05,0.904,False,False
MT-0520,2026-09-06,0.65,False,False
MT-0520,2026-09-07,0.62,False,False
MT-0520,2026-09-08,1.085,False,True
MT-0520,2026-09-09,0.876,False,True
MT-0520,2026-09-10,0.818,False,True
MT-0520,2026-09-11,1.083,False,True
MT-0520,2026-09-12,0.656,False,True
MT-0520,2026-09-13,1.112,False,True
MT-0520,2026-09-14,0.842,False,True
MT-0026,2026-09-01,0.601,False,False
MT-0026,2026-09-02,1.007,False,False
MT-0026,2026-09-03,0.936,False,False
MT-0026,2026-09-04,0.903,False,False
MT-0026,2026-09-05,1.007,False,False
MT-0026,2026-09-06,0.674,False,False
MT-0026,2026-09-07,0.897,False,False
MT-0026,2026-09-08,0.742,False,True
MT-0026,2026-09-09,0.484,False,True
MT-0026,2026-09-10,0.444,False,True
MT-0026,2026-09-11,0.603,False,True
MT-0026,2026-09-12,0.814,False,True
MT-0026,2026-09-13,1.007,False,True
MT-0026,2026-09-14,1.038,False,True
MT-0235,2026-09-01,0.659,False,False
MT-0235,2026-09-02,0.726,False,False
MT-0235,2026-09-03,0.81,False,False
MT-0235,2026-09-04,0.885,False,False
MT-0235,2026-09-05,0.837,False,False
MT-0235,2026-09-06,0.967,False,False
MT-0235,2026-09-07,0.622,False,False
MT-0235,2026-09-08,0.726,False,True
MT-0235,2026-09-09,0.779,False,True
MT-0235,2026-09-10,0.956,False,True
MT-0235,2026-09-11,1.13,False,True
MT-0235,2026-09-12,1.173,False,True
MT-0235,2026-09-13,0.906,False,True
MT-0235,2026-09-14,0.94,False,True
MT-0075,2026-09-01,0.791,False,False
MT-0075,2026-09-02,0.543,False,False
MT-0075,2026-09-03,0.436,False,False
MT-0075,2026-09-04,0.461,False,False
MT-0075,2026-09-05,0.507,False,False
MT-0075,2026-09-06,0.714,False,False
MT-0075,2026-09-07,0.925,False,False
MT-0075,2026-09-08,0.641,False,True
MT-0075,2026-09-09,0.472,False,True
MT-0075,2026-09-10,1.003,False,True
MT-0075,2026-09-11,1.223,False,True
MT-0075,2026-09-12,0.806,False,True
MT-0075,2026-09-13,1.007,False,True
MT-0075,2026-09-14,0.797,False,True
MT-0695,2026-09-01,0.964,False,False
MT-0695,2026-09-02,0.936,False,False
MT-0695,2026-09-03,0.983,False,False
MT-0695,2026-09-04,0.741,False,False
MT-0695,2026-09-05,0.7,False,False
MT-0695,2026-09-06,0.778,False,False
MT-0695,2026-09-07,0.854,False,False
MT-0695,2026-09-08,1.043,False,True
MT-0695,2026-09-09,0.765,False,True
MT-0695,2026-09-10,0.815,False,True
MT-0695,2026-09-11,0.794,False,True
MT-0695,2026-09-12,0.702,False,True
MT-0695,2026-09-13,0.993,False,True
MT-0695,2026-09-14,0.989,False,True
MT-0527,2026-09-01,0.902,False,False
MT-0527,2026-09-02,0.911,False,False
MT-0527,2026-09-03,0.829,False,False
MT-0527,2026-09-04,0.848,False,False
MT-0527,2026-09-05,0.926,False,False
MT-0527,2026-09-06,0.843,False,False
MT-0527,2026-09-07,0.7,False,False
MT-0527,2026-09-08,0.929,False,True
MT-0527,2026-09-09,1.031,False,True
MT-0527,2026-09-10,1.063,False,True
MT-0527,2026-09-11,0.795,False,True
MT-0527,2026-09-12,0.882,False,True
MT-0527,2026-09-13,0.955,False,True
MT-0527,2026-09-14,0.974,False,True
MT-0326,2026-09-01,0.971,False,False
MT-0326,2026-09-02,0.783,False,False
MT-0326,2026-09-03,0.758,False,False
MT-0326,2026-09-04,0.768,False,False
MT-0326,2026-09-05,0.699,False,False
MT-0326,2026-09-06,0.953,False,False
MT-0326,2026-09-07,0.927,False,False
MT-0326,2026-09-08,0.842,False,True
MT-0326,2026-09-09,0.891,False,True
MT-0326,2026-09-10,1.119,False,True
MT-0326,2026-09-11,0.867,False,True
MT-0326,2026-09-12,0.88,False,True
MT-0326,2026-09-13,0.671,False,True
MT-0326,2026-09-14,0.472,False,True
MT-0032,2026-09-01,1.086,False,False
MT-0032,2026-09-02,0.731,False,False
MT-0032,2026-09-03,0.87,False,False
MT-0032,2026-09-04,0.857,False,False
MT-0032,2026-09-05,0.694,False,False
MT-0032,2026-09-06,0.799,False,False
MT-0032,2026-09-07,0.896,False,False
MT-0032,2026-09-08,0.83,False,True
MT-0032,2026-09-09,0.674,False,True
MT-0032,2026-09-10,0.715,False,True
MT-0032,2026-09-11,1.028,False,True
MT-0032,2026-09-12,0.81,False,True
MT-0032,2026-09-13,1.018,False,True
MT-0032,2026-09-14,0.968,False,True
MT-0211,2026-09-01,0.91,False,False
MT-0211,2026-09-02,0.691,False,False
MT-0211,2026-09-03,0.886,False,False
MT-0211,2026-09-04,0.524,False,False
MT-0211,2026-09-05,0.743,False,False
MT-0211,2026-09-06,0.884,False,False
MT-0211,2026-09-07,0.845,False,False
MT-0211,2026-09-08,1.009,False,True
MT-0211,2026-09-09,1.02,False,True
MT-0211,2026-09-10,0.946,False,True
MT-0211,2026-09-11,0.838,False,True
MT-0211,2026-09-12,0.76,False,True
MT-0211,2026-09-13,0.771,False,True
MT-0211,2026-09-14,0.601,False,True
MT-0677,2026-09-01,0.893,False,False
MT-0677,2026-09-02,1.002,False,False
MT-0677,2026-09-03,0.803,False,False
MT-0677,2026-09-04,0.877,False,False
MT-0677,2026-09-05,0.74,False,False
MT-0677,2026-09-06,0.835,False,False
MT-0677,2026-09-07,0.959,False,False
MT-0677,2026-09-08,0.958,False,True
MT-0677,2026-09-09,0.918,False,True
MT-0677,2026-09-10,0.867,False,True
MT-0677,2026-09-11,0.888,False,True
MT-0677,2026-09-12,0.914,False,True
MT-0677,2026-09-13,0.752,False,True
MT-0677,2026-09-14,0.909,False,True
MT-0019,2026-09-01,1.068,False,False
MT-0019,2026-09-02,1.007,False,False
MT-0019,2026-09-03,0.777,False,False
MT-0019,2026-09-04,0.89,False,False
MT-0019,2026-09-05,0.878,False,False
MT-0019,2026-09-06,0.589,False,False
MT-0019,2026-09-07,0.936,False,False
MT-0019,2026-09-08,1.147,False,True
MT-0019,2026-09-09,1.083,False,True
MT-0019,2026-09-10,0.954,False,True
MT-0019,2026-09-11,0.9,False,True
MT-0019,2026-09-12,1.025,False,True
MT-0019,2026-09-13,0.839,False,True
MT-0019,2026-09-14,1.062,False,True
MT-0657,2026-09-01,1.014,False,False
MT-0657,2026-09-02,1.068,False,False
MT-0657,2026-09-03,0.945,False,False
MT-0657,2026-09-04,0.567,False,False
MT-0657,2026-09-05,0.767,False,False
MT-0657,2026-09-06,0.829,False,False
MT-0657,2026-09-07,0.884,False,False
MT-0657,2026-09-08,1.061,False,True
MT-0657,2026-09-09,0.991,False,True
MT-0657,2026-09-10,0.857,False,True
MT-0657,2026-09-11,0.859,False,True
MT-0657,2026-09-12,0.831,False,True
MT-0657,2026-09-13,0.851,False,True
MT-0657,2026-09-14,0.952,False,True
MT-0428,2026-09-01,0.855,False,False
MT-0428,2026-09-02,0.704,False,False
MT-0428,2026-09-03,0.437,False,False
MT-0428,2026-09-04,0.612,False,False
MT-0428,2026-09-05,0.868,False,False
MT-0428,2026-09-06,0.852,False,False
MT-0428,2026-09-07,0.901,False,False
MT-0428,2026-09-08,0.833,False,True
MT-0428,2026-09-09,1.052,False,True
MT-0428,2026-09-10,0.999,False,True
MT-0428,2026-09-11,0.996,False,True
MT-0428,2026-09-12,0.853,False,True
MT-0428,2026-09-13,1.073,False,True
MT-0428,2026-09-14,0.847,False,True
MT-0843,2026-09-01,0.961,False,False
MT-0843,2026-09-02,1.067,False,False
MT-0843,2026-09-03,0.671,False,False
MT-0843,2026-09-04,0.827,False,False
MT-0843,2026-09-05,0.858,False,False
MT-0843,2026-09-06,0.927,False,False
MT-0843,2026-09-07,0.848,False,False
MT-0843,2026-09-08,0.892,False,True
MT-0843,2026-09-09,0.943,False,True
MT-0843,2026-09-10,0.968,False,True
MT-0843,2026-09-11,0.951,False,True
MT-0843,2026-09-12,0.774,False,True
MT-0843,2026-09-13,0.75,False,True
MT-0843,2026-09-14,0.744,False,True
MT-0685,2026-09-01,1.04,False,False
MT-0685,2026-09-02,1.077,False,False
MT-0685,2026-09-03,0.96,False,False
MT-0685,2026-09-04,0.912,False,False
MT-0685,2026-09-05,0.996,False,False
MT-0685,2026-09-06,0.977,False,False
MT-0685,2026-09-07,0.795,False,False
MT-0685,2026-09-08,0.931,False,True
MT-0685,2026-09-09,0.935,False,True
MT-0685,2026-09-10,1.177,False,True
MT-0685,2026-09-11,1.257,False,True
MT-0685,2026-09-12,0.859,False,True
MT-0685,2026-09-13,1.039,False,True
MT-0685,2026-09-14,0.912,False,True
MT-0580,2026-09-01,0.714,False,False
MT-0580,2026-09-02,0.783,False,False
MT-0580,2026-09-03,0.998,False,False
MT-0580,2026-09-04,0.906,False,False
MT-0580,2026-09-05,0.811,False,False
MT-0580,2026-09-06,0.509,False,False
MT-0580,2026-09-07,0.715,False,False
MT-0580,2026-09-08,1.001,False,True
MT-0580,2026-09-09,0.944,False,True
MT-0580,2026-09-10,0.995,False,True
MT-0580,2026-09-11,0.7,False,True
MT-0580,2026-09-12,1.239,False,True
MT-0580,2026-09-13,1.166,False,True
MT-0580,2026-09-14,1.044,False,True
MT-0633,2026-09-01,0.922,False,False
MT-0633,2026-09-02,0.993,False,False
MT-0633,2026-09-03,0.94,False,False
MT-0633,2026-09-04,1.209,False,False
MT-0633,2026-09-05,0.817,False,False
MT-0633,2026-09-06,0.907,False,False
MT-0633,2026-09-07,0.954,False,False
MT-0633,2026-09-08,1.053,False,True
MT-0633,2026-09-09,0.885,False,True
MT-0633,2026-09-10,0.837,False,True
MT-0633,2026-09-11,0.997,False,True
MT-0633,2026-09-12,1.032,False,True
MT-0633,2026-09-13,0.724,False,True
MT-0633,2026-09-14,0.936,False,True
MT-0487,2026-09-01,1.183,False,False
MT-0487,2026-09-02,0.991,False,False
MT-0487,2026-09-03,0.688,False,False
MT-0487,2026-09-04,0.568,False,False
MT-0487,2026-09-05,0.937,False,False
MT-0487,2026-09-06,0.919,False,False
MT-0487,2026-09-07,0.718,False,False
MT-0487,2026-09-08,0.514,False,True
MT-0487,2026-09-09,0.561,False,True
MT-0487,2026-09-10,0.769,False,True
MT-0487,2026-09-11,0.792,False,True
MT-0487,2026-09-12,0.706,False,True
MT-0487,2026-09-13,0.788,False,True
MT-0487,2026-09-14,0.954,False,True
MT-0174,2026-09-01,0.824,False,False
MT-0174,2026-09-02,1.001,False,False
MT-0174,2026-09-03,0.919,False,False
MT-0174,2026-09-04,0.831,False,False
MT-0174,2026-09-05,0.939,False,False
MT-0174,2026-09-06,1.006,False,False
MT-0174,2026-09-07,1.005,False,False
MT-0174,2026-09-08,0.811,False,True
MT-0174,2026-09-09,0.898,False,True
MT-0174,2026-09-10,0.97,False,True
MT-0174,2026-09-11,0.878,False,True
MT-0174,2026-09-12,0.985,False,True
MT-0174,2026-09-13,0.888,False,True
MT-0174,2026-09-14,0.972,False,True
MT-0061,2026-09-01,0.739,False,False
MT-0061,2026-09-02,0.561,False,False
MT-0061,2026-09-03,0.557,False,False
MT-0061,2026-09-04,0.965,False,False
MT-0061,2026-09-05,1.135,False,False
MT-0061,2026-09-06,1.159,False,False
MT-0061,2026-09-07,0.988,False,False
MT-0061,2026-09-08,0.852,False,True
MT-0061,2026-09-09,0.767,False,True
MT-0061,2026-09-10,0.751,False,True
MT-0061,2026-09-11,0.977,False,True
MT-0061,2026-09-12,0.799,False,True
MT-0061,2026-09-13,0.787,False,True
MT-0061,2026-09-14,0.603,False,True
MT-0710,2026-09-01,1.125,False,False
MT-0710,2026-09-02,0.736,True,False
MT-0710,2026-09-03,0.441,True,False
MT-0710,2026-09-04,0.811,False,False
MT-0710,2026-09-05,1.093,False,False
MT-0710,2026-09-06,1.084,False,False
MT-0710,2026-09-07,1.17,False,False
MT-0710,2026-09-08,1.135,False,True
MT-0710,2026-09-09,1.255,False,True
MT-0710,2026-09-10,1.261,False,True
MT-0710,2026-09-11,1.205,False,True
MT-0710,2026-09-12,0.918,False,True
MT-0710,2026-09-13,1.0,False,True
MT-0710,2026-09-14,1.403,False,True
MT-0899,2026-09-01,1.262,False,False
MT-0899,2026-09-02,1.077,False,False
MT-0899,2026-09-03,1.018,False,False
MT-0899,2026-09-04,0.934,True,False
MT-0899,2026-09-05,0.635,True,False
MT-0899,2026-09-06,0.587,True,False
MT-0899,2026-09-07,0.703,False,False
MT-0899,2026-09-08,1.214,False,True
MT-0899,2026-09-09,1.402,False,True
MT-0899,2026-09-10,1.286,False,True
MT-0899,2026-09-11,1.481,False,True
MT-0899,2026-09-12,1.57,False,True
MT-0899,2026-09-13,1.644,False,True
MT-0899,2026-09-14,1.507,False,True
MT-0461,2026-09-01,0.845,False,False
MT-0461,2026-09-02,1.089,False,False
MT-0461,2026-09-03,0.849,False,False
MT-0461,2026-09-04,0.782,False,False
MT-0461,2026-09-05,0.701,False,False
MT-0461,2026-09-06,0.944,False,False
MT-0461,2026-09-07,0.978,False,False
MT-0461,2026-09-08,1.048,False,True
MT-0461,2026-09-09,0.868,False,True
MT-0461,2026-09-10,0.728,False,True
MT-0461,2026-09-11,0.845,False,True
MT-0461,2026-09-12,0.852,False,True
MT-0461,2026-09-13,0.787,False,True
MT-0461,2026-09-14,0.733,False,True
MT-0501,2026-09-01,1.035,False,False
MT-0501,2026-09-02,0.939,False,False
MT-0501,2026-09-03,0.804,False,False
MT-0501,2026-09-04,0.977,False,False
MT-0501,2026-09-05,0.958,False,False
MT-0501,2026-09-06,0.835,True,False
MT-0501,2026-09-07,0.771,True,False
MT-0501,2026-09-08,0.531,True,True
MT-0501,2026-09-09,0.593,False,True
MT-0501,2026-09-10,0.93,False,True
MT-0501,2026-09-11,1.03,False,True
MT-0501,2026-09-12,0.981,False,True
MT-0501,2026-09-13,0.883,False,True
MT-0501,2026-09-14,1.2,False,True
MT-0015,2026-09-01,0.976,False,False
MT-0015,2026-09-02,0.884,False,False
MT-0015,2026-09-03,0.699,False,False
MT-0015,2026-09-04,1.015,False,False
MT-0015,2026-09-05,1.083,False,False
MT-0015,2026-09-06,0.878,False,False
MT-0015,2026-09-07,0.835,False,False
MT-0015,2026-09-08,0.821,False,True
MT-0015,2026-09-09,0.777,False,True
MT-0015,2026-09-10,0.836,False,True
MT-0015,2026-09-11,0.74,False,True
MT-0015,2026-09-12,0.621,False,True
MT-0015,2026-09-13,0.488,False,True
MT-0015,2026-09-14,0.443,False,True
MT-0231,2026-09-01,0.819,False,False
MT-0231,2026-09-02,0.695,False,False
MT-0231,2026-09-03,0.787,False,False
MT-0231,2026-09-04,0.931,False,False
MT-0231,2026-09-05,0.946,False,False
MT-0231,2026-09-06,0.869,False,False
MT-0231,2026-09-07,0.726,False,False
MT-0231,2026-09-08,0.707,False,True
MT-0231,2026-09-09,0.798,False,True
MT-0231,2026-09-10,0.847,False,True
MT-0231,2026-09-11,0.906,False,True
MT-0231,2026-09-12,0.765,False,True
MT-0231,2026-09-13,0.954,False,True
MT-0231,2026-09-14,0.698,False,True
MT-0066,2026-09-01,0.805,False,False
MT-0066,2026-09-02,0.859,False,False
MT-0066,2026-09-03,0.932,False,False
MT-0066,2026-09-04,0.91,False,False
MT-0066,2026-09-05,1.201,False,False
MT-0066,2026-09-06,0.949,False,False
MT-0066,2026-09-07,0.82,False,False
MT-0066,2026-09-08,0.899,False,True
MT-0066,2026-09-09,0.698,False,True
MT-0066,2026-09-10,1.038,False,True
MT-0066,2026-09-11,1.09,False,True
MT-0066,2026-09-12,1.061,False,True
MT-0066,2026-09-13,0.915,False,True
MT-0066,2026-09-14,1.033,False,True
MT-0463,2026-09-01,1.013,False,False
MT-0463,2026-09-02,0.96,False,False
MT-0463,2026-09-03,0.914,False,False
MT-0463,2026-09-04,0.781,False,False
MT-0463,2026-09-05,0.767,False,False
MT-0463,2026-09-06,0.952,False,False
MT-0463,2026-09-07,0.972,False,False
MT-0463,2026-09-08,1.086,False,True
MT-0463,2026-09-09,0.906,False,True
MT-0463,2026-09-10,1.006,False,True
MT-0463,2026-09-11,0.999,False,True
MT-0463,2026-09-12,0.883,False,True
MT-0463,2026-09-13,0.976,False,True
MT-0463,2026-09-14,0.908,False,True
MT-0275,2026-09-01,1.048,False,False
MT-0275,2026-09-02,0.51,False,False
MT-0275,2026-09-03,0.616,False,False
MT-0275,2026-09-04,0.858,False,False
MT-0275,2026-09-05,0.958,False,False
MT-0275,2026-09-06,1.004,False,False
MT-0275,2026-09-07,0.637,False,False
MT-0275,2026-09-08,0.804,False,True
MT-0275,2026-09-09,1.042,False,True
MT-0275,2026-09-10,1.008,False,True
MT-0275,2026-09-11,0.827,False,True
MT-0275,2026-09-12,0.878,False,True
MT-0275,2026-09-13,0.877,False,True
MT-0275,2026-09-14,0.876,False,True
MT-0282,2026-09-01,1.215,False,False
MT-0282,2026-09-02,1.023,False,False
MT-0282,2026-09-03,1.055,False,False
MT-0282,2026-09-04,1.014,False,False
MT-0282,2026-09-05,0.985,False,False
MT-0282,2026-09-06,0.848,False,False
MT-0282,2026-09-07,0.415,True,False
MT-0282,2026-09-08,0.409,True,True
MT-0282,2026-09-09,0.408,True,True
MT-0282,2026-09-10,0.43,False,True
MT-0282,2026-09-11,0.594,False,True
MT-0282,2026-09-12,0.796,False,True
MT-0282,2026-09-13,0.866,False,True
MT-0282,2026-09-14,1.023,False,True
MT-0124,2026-09-01,0.866,False,False
MT-0124,2026-09-02,0.787,False,False
MT-0124,2026-09-03,1.051,False,False
MT-0124,2026-09-04,0.828,False,False
MT-0124,2026-09-05,0.749,False,False
MT-0124,2026-09-06,0.921,False,False
MT-0124,2026-09-07,0.85,False,False
MT-0124,2026-09-08,0.786,False,True
MT-0124,2026-09-09,0.761,False,True
MT-0124,2026-09-10,1.036,False,True
MT-0124,2026-09-11,0.845,False,True
MT-0124,2026-09-12,0.8,False,True
MT-0124,2026-09-13,0.567,False,True
MT-0124,2026-09-14,0.753,False,True
MT-0960,2026-09-01,1.196,False,False
MT-0960,2026-09-02,0.752,False,False
MT-0960,2026-09-03,0.866,False,False
MT-0960,2026-09-04,0.914,False,False
MT-0960,2026-09-05,0.979,False,False
MT-0960,2026-09-06,0.853,False,False
MT-0960,2026-09-07,0.822,False,False
MT-0960,2026-09-08,0.504,False,True
MT-0960,2026-09-09,0.532,False,True
MT-0960,2026-09-10,0.784,False,True
MT-0960,2026-09-11,0.696,False,True
MT-0960,2026-09-12,0.924,False,True
MT-0960,2026-09-13,0.942,False,True
MT-0960,2026-09-14,0.876,False,True
MT-0751,2026-09-01,0.986,False,False
MT-0751,2026-09-02,1.02,False,False
MT-0751,2026-09-03,0.945,False,False
MT-0751,2026-09-04,0.785,False,False
MT-0751,2026-09-05,0.754,False,False
MT-0751,2026-09-06,0.789,False,False
MT-0751,2026-09-07,0.84,False,False
MT-0751,2026-09-08,0.75,False,True
MT-0751,2026-09-09,0.764,False,True
MT-0751,2026-09-10,0.839,False,True
MT-0751,2026-09-11,0.502,False,True
MT-0751,2026-09-12,0.425,False,True
MT-0751,2026-09-13,0.45,False,True
MT-0751,2026-09-14,0.463,False,True
MT-0420,2026-09-01,0.732,False,False
MT-0420,2026-09-02,0.534,False,False
MT-0420,2026-09-03,0.539,False,False
MT-0420,2026-09-04,1.036,False,False
MT-0420,2026-09-05,0.968,False,False
MT-0420,2026-09-06,0.945,False,False
MT-0420,2026-09-07,0.847,False,False
MT-0420,2026-09-08,0.812,False,True
MT-0420,2026-09-09,0.732,False,True
MT-0420,2026-09-10,0.582,False,True
MT-0420,2026-09-11,0.72,False,True
MT-0420,2026-09-12,0.878,False,True
MT-0420,2026-09-13,0.895,False,True
MT-0420,2026-09-14,0.663,False,True
MT-0957,2026-09-01,1.065,False,False
MT-0957,2026-09-02,1.103,False,False
MT-0957,2026-09-03,0.962,False,False
MT-0957,2026-09-04,0.904,False,False
MT-0957,2026-09-05,0.864,False,False
MT-0957,2026-09-06,0.942,False,False
MT-0957,2026-09-07,0.83,False,False
MT-0957,2026-09-08,0.906,False,True
MT-0957,2026-09-09,0.963,False,True
MT-0957,2026-09-10,0.864,False,True
MT-0957,2026-09-11,0.911,False,True
MT-0957,2026-09-12,0.875,False,True
MT-0957,2026-09-13,0.907,False,True
MT-0957,2026-09-14,0.927,False,True
MT-0094,2026-09-01,0.932,False,False
MT-0094,2026-09-02,0.984,False,False
MT-0094,2026-09-03,0.77,False,False
MT-0094,2026-09-04,0.944,False,False
MT-0094,2026-09-05,0.644,False,False
MT-0094,2026-09-06,0.885,False,False
MT-0094,2026-09-07,1.065,False,False
MT-0094,2026-09-08,1.024,False,True
MT-0094,2026-09-09,0.878,False,True
MT-0094,2026-09-10,0.826,False,True
MT-0094,2026-09-11,0.985,False,True
MT-0094,2026-09-12,0.811,False,True
MT-0094,2026-09-13,0.953,False,True
MT-0094,2026-09-14,0.837,False,True
MT-0664,2026-09-01,0.948,False,False
MT-0664,2026-09-02,0.811,False,False
MT-0664,2026-09-03,0.701,False,False
MT-0664,2026-09-04,0.698,False,False
MT-0664,2026-09-05,0.947,False,False
MT-0664,2026-09-06,0.927,False,False
MT-0664,2026-09-07,0.868,False,False
MT-0664,2026-09-08,0.721,False,True
MT-0664,2026-09-09,0.669,False,True
MT-0664,2026-09-10,0.702,False,True
MT-0664,2026-09-11,0.431,False,True
MT-0664,2026-09-12,0.491,False,True
MT-0664,2026-09-13,0.557,False,True
MT-0664,2026-09-14,0.659,False,True
MT-0048,2026-09-01,0.999,False,False
MT-0048,2026-09-02,1.053,False,False
MT-0048,2026-09-03,0.939,False,False
MT-0048,2026-09-04,0.805,False,False
MT-0048,2026-09-05,0.707,False,False
MT-0048,2026-09-06,0.888,False,False
MT-0048,2026-09-07,1.028,False,False
MT-0048,2026-09-08,0.856,False,True
MT-0048,2026-09-09,0.621,False,True
MT-0048,2026-09-10,0.614,False,True
MT-0048,2026-09-11,1.121,False,True
MT-0048,2026-09-12,1.313,False,True
MT-0048,2026-09-13,1.341,False,True
MT-0048,2026-09-14,0.973,False,True
MT-0662,2026-09-01,1.127,False,False
MT-0662,2026-09-02,0.962,False,False
MT-0662,2026-09-03,0.861,False,False
MT-0662,2026-09-04,0.948,False,False
MT-0662,2026-09-05,0.975,False,False
MT-0662,2026-09-06,0.841,False,False
MT-0662,2026-09-07,0.919,False,False
MT-0662,2026-09-08,0.878,False,True
MT-0662,2026-09-09,0.903,False,True
MT-0662,2026-09-10,0.982,False,True
MT-0662,2026-09-11,0.907,False,True
MT-0662,2026-09-12,0.995,False,True
MT-0662,2026-09-13,1.196,False,True
MT-0662,2026-09-14,0.955,False,True
MT-0705,2026-09-01,1.16,False,False
MT-0705,2026-09-02,0.672,True,False
MT-0705,2026-09-03,0.495,True,False
MT-0705,2026-09-04,0.434,True,False
MT-0705,2026-09-05,0.585,False,False
MT-0705,2026-09-06,1.019,False,False
MT-0705,2026-09-07,0.968,False,False
MT-0705,2026-09-08,1.083,False,True
MT-0705,2026-09-09,1.262,False,True
MT-0705,2026-09-10,0.55,False,True
MT-0705,2026-09-11,0.676,False,True
MT-0705,2026-09-12,1.15,False,True
MT-0705,2026-09-13,1.06,False,True
MT-0705,2026-09-14,1.041,False,True
MT-0062,2026-09-01,0.894,False,False
MT-0062,2026-09-02,0.433,False,False
MT-0062,2026-09-03,0.749,False,False
MT-0062,2026-09-04,0.974,False,False
MT-0062,2026-09-05,0.96,False,False
MT-0062,2026-09-06,0.917,False,False
MT-0062,2026-09-07,0.844,False,False
MT-0062,2026-09-08,0.624,False,True
MT-0062,2026-09-09,0.867,False,True
MT-0062,2026-09-10,0.968,False,True
MT-0062,2026-09-11,0.601,False,True
MT-0062,2026-09-12,1.091,False,True
MT-0062,2026-09-13,0.649,False,True
MT-0062,2026-09-14,1.157,False,True
MT-0412,2026-09-01,0.699,False,False
MT-0412,2026-09-02,0.827,False,False
MT-0412,2026-09-03,0.809,False,False
MT-0412,2026-09-04,1.01,False,False
MT-0412,2026-09-05,0.934,False,False
MT-0412,2026-09-06,0.858,False,False
MT-0412,2026-09-07,0.784,False,False
MT-0412,2026-09-08,0.757,False,True
MT-0412,2026-09-09,0.717,False,True
MT-0412,2026-09-10,0.593,False,True
MT-0412,2026-09-11,0.411,False,True
MT-0412,2026-09-12,0.575,False,True
MT-0412,2026-09-13,0.64,False,True
MT-0412,2026-09-14,0.494,False,True
MT-0707,2026-09-01,1.163,False,False
MT-0707,2026-09-02,0.706,False,False
MT-0707,2026-09-03,0.684,False,False
MT-0707,2026-09-04,0.832,False,False
MT-0707,2026-09-05,0.962,False,False
MT-0707,2026-09-06,0.866,False,False
MT-0707,2026-09-07,0.935,False,False
MT-0707,2026-09-08,0.985,False,True
MT-0707,2026-09-09,0.846,False,True
MT-0707,2026-09-10,0.757,False,True
MT-0707,2026-09-11,0.783,False,True
MT-0707,2026-09-12,0.768,False,True
MT-0707,2026-09-13,0.55,False,True
MT-0707,2026-09-14,0.867,False,True
MT-0621,2026-09-01,1.077,False,False
MT-0621,2026-09-02,1.006,False,False
MT-0621,2026-09-03,0.91,False,False
MT-0621,2026-09-04,0.72,False,False
MT-0621,2026-09-05,0.814,False,False
MT-0621,2026-09-06,1.034,False,False
MT-0621,2026-09-07,0.964,False,False
MT-0621,2026-09-08,0.892,False,True
MT-0621,2026-09-09,0.953,False,True
MT-0621,2026-09-10,1.251,False,True
MT-0621,2026-09-11,0.973,False,True
MT-0621,2026-09-12,0.688,False,True
MT-0621,2026-09-13,0.765,False,True
MT-0621,2026-09-14,0.993,False,True
MT-0982,2026-09-01,0.638,False,False
MT-0982,2026-09-02,1.0,False,False
MT-0982,2026-09-03,0.791,False,False
MT-0982,2026-09-04,0.592,False,False
MT-0982,2026-09-05,0.942,False,False
MT-0982,2026-09-06,0.825,False,False
MT-0982,2026-09-07,0.817,False,False
MT-0982,2026-09-08,1.009,False,True
MT-0982,2026-09-09,0.655,False,True
MT-0982,2026-09-10,0.593,False,True
MT-0982,2026-09-11,0.853,False,True
MT-0982,2026-09-12,0.684,False,True
MT-0982,2026-09-13,0.686,False,True
MT-0982,2026-09-14,0.851,False,True
MT-0206,2026-09-01,0.984,False,False
MT-0206,2026-09-02,0.94,False,False
MT-0206,2026-09-03,0.779,False,False
MT-0206,2026-09-04,0.808,False,False
MT-0206,2026-09-05,0.859,False,False
MT-0206,2026-09-06,0.855,False,False
MT-0206,2026-09-07,0.904,False,False
MT-0206,2026-09-08,0.96,False,True
MT-0206,2026-09-09,0.609,False,True
MT-0206,2026-09-10,0.496,False,True
MT-0206,2026-09-11,0.547,False,True
MT-0206,2026-09-12,0.87,False,True
MT-0206,2026-09-13,0.723,False,True
MT-0206,2026-09-14,0.988,False,True
MT-0155,2026-09-01,0.978,False,False
MT-0155,2026-09-02,0.518,False,False
MT-0155,2026-09-03,0.653,False,False
MT-0155,2026-09-04,0.929,False,False
MT-0155,2026-09-05,0.95,False,False
MT-0155,2026-09-06,0.754,False,False
MT-0155,2026-09-07,0.758,False,False
MT-0155,2026-09-08,0.54,False,True
MT-0155,2026-09-09,0.447,False,True
MT-0155,2026-09-10,0.411,True,True
MT-0155,2026-09-11,0.418,True,True
MT-0155,2026-09-12,0.425,False,True
MT-0155,2026-09-13,0.475,False,True
MT-0155,2026-09-14,0.713,False,True
MT-0636,2026-09-01,0.966,False,False
MT-0636,2026-09-02,1.139,False,False
MT-0636,2026-09-03,0.711,False,False
MT-0636,2026-09-04,0.68,False,False
MT-0636,2026-09-05,0.748,False,False
MT-0636,2026-09-06,0.527,False,False
MT-0636,2026-09-07,0.733,False,False
MT-0636,2026-09-08,0.874,False,True
MT-0636,2026-09-09,0.525,False,True
MT-0636,2026-09-10,0.738,False,True
MT-0636,2026-09-11,0.574,False,True
MT-0636,2026-09-12,0.8,False,True
MT-0636,2026-09-13,0.83,False,True
MT-0636,2026-09-14,0.834,False,True
MT-0629,2026-09-01,1.027,False,False
MT-0629,2026-09-02,0.901,False,False
MT-0629,2026-09-03,0.926,False,False
MT-0629,2026-09-04,0.931,False,False
MT-0629,2026-09-05,0.856,False,False
MT-0629,2026-09-06,1.062,False,False
MT-0629,2026-09-07,1.051,False,False
MT-0629,2026-09-08,0.963,False,True
MT-0629,2026-09-09,0.849,False,True
MT-0629,2026-09-10,1.045,False,True
MT-0629,2026-09-11,1.056,False,True
MT-0629,2026-09-12,0.865,False,True
MT-0629,2026-09-13,1.105,False,True
MT-0629,2026-09-14,0.863,False,True
MT-0585,2026-09-01,0.62,False,False
MT-0585,2026-09-02,0.61,False,False
MT-0585,2026-09-03,1.06,False,False
MT-0585,2026-09-04,0.946,False,False
MT-0585,2026-09-05,0.579,False,False
MT-0585,2026-09-06,0.915,False,False
MT-0585,2026-09-07,0.837,False,False
MT-0585,2026-09-08,0.827,False,True
MT-0585,2026-09-09,0.839,False,True
MT-0585,2026-09-10,0.851,False,True
MT-0585,2026-09-11,0.728,False,True
MT-0585,2026-09-12,0.617,False,True
MT-0585,2026-09-13,0.434,False,True
MT-0585,2026-09-14,0.556,False,True
MT-0361,2026-09-01,1.112,False,False
MT-0361,2026-09-02,0.933,False,False
MT-0361,2026-09-03,0.875,False,False
MT-0361,2026-09-04,0.912,False,False
MT-0361,2026-09-05,0.786,False,False
MT-0361,2026-09-06,0.889,False,False
MT-0361,2026-09-07,0.819,False,False
MT-0361,2026-09-08,0.773,False,True
MT-0361,2026-09-09,0.854,False,True
MT-0361,2026-09-10,0.65,False,True
MT-0361,2026-09-11,0.504,False,True
MT-0361,2026-09-12,0.5,False,True
MT-0361,2026-09-13,0.755,False,True
MT-0361,2026-09-14,0.641,False,True
MT-0764,2026-09-01,0.843,False,False
MT-0764,2026-09-02,0.466,False,False
MT-0764,2026-09-03,0.884,False,False
MT-0764,2026-09-04,0.684,False,False
MT-0764,2026-09-05,0.965,False,False
MT-0764,2026-09-06,0.876,False,False
MT-0764,2026-09-07,0.956,False,False
MT-0764,2026-09-08,0.837,False,True
MT-0764,2026-09-09,1.123,False,True
MT-0764,2026-09-10,1.061,False,True
MT-0764,2026-09-11,0.933,False,True
MT-0764,2026-09-12,0.753,False,True
MT-0764,2026-09-13,0.911,False,True
MT-0764,2026-09-14,0.824,False,True
MT-0054,2026-09-01,0.934,False,False
MT-0054,2026-09-02,0.927,False,False
MT-0054,2026-09-03,0.987,False,False
MT-0054,2026-09-04,0.916,False,False
MT-0054,2026-09-05,0.615,False,False
MT-0054,2026-09-06,0.447,False,False
MT-0054,2026-09-07,0.674,False,False
MT-0054,2026-09-08,0.781,False,True
MT-0054,2026-09-09,0.79,False,True
MT-0054,2026-09-10,0.885,False,True
MT-0054,2026-09-11,0.954,False,True
MT-0054,2026-09-12,0.854,False,True
MT-0054,2026-09-13,0.856,False,True
MT-0054,2026-09-14,0.919,False,True
MT-0158,2026-09-01,0.85,False,False
MT-0158,2026-09-02,0.889,False,False
MT-0158,2026-09-03,0.556,False,False
MT-0158,2026-09-04,0.483,False,False
MT-0158,2026-09-05,0.609,False,False
MT-0158,2026-09-06,0.667,False,False
MT-0158,2026-09-07,0.97,False,False
MT-0158,2026-09-08,0.851,False,True
MT-0158,2026-09-09,0.828,False,True
MT-0158,2026-09-10,0.974,False,True
MT-0158,2026-09-11,0.844,False,True
MT-0158,2026-09-12,0.925,False,True
MT-0158,2026-09-13,0.95,False,True
MT-0158,2026-09-14,0.615,False,True
MT-0756,2026-09-01,0.871,False,False
MT-0756,2026-09-02,1.015,False,False
MT-0756,2026-09-03,0.755,False,False
MT-0756,2026-09-04,1.022,False,False
MT-0756,2026-09-05,0.804,False,False
MT-0756,2026-09-06,0.682,False,False
MT-0756,2026-09-07,0.965,False,False
MT-0756,2026-09-08,0.806,False,True
MT-0756,2026-09-09,0.687,False,True
MT-0756,2026-09-10,0.402,False,True
MT-0756,2026-09-11,0.535,False,True
MT-0756,2026-09-12,0.564,False,True
MT-0756,2026-09-13,0.753,False,True
MT-0756,2026-09-14,0.875,False,True
MT-0496,2026-09-01,0.861,False,False
MT-0496,2026-09-02,0.812,False,False
MT-0496,2026-09-03,1.013,False,False
MT-0496,2026-09-04,1.008,False,False
MT-0496,2026-09-05,0.995,False,False
MT-0496,2026-09-06,0.904,False,False
MT-0496,2026-09-07,1.078,False,False
MT-0496,2026-09-08,1.044,False,True
MT-0496,2026-09-09,0.963,False,True
MT-0496,2026-09-10,0.694,False,True
MT-0496,2026-09-11,0.772,False,True
MT-0496,2026-09-12,0.95,False,True
MT-0496,2026-09-13,0.933,False,True
MT-0496,2026-09-14,0.921,False,True
MT-0827,2026-09-01,0.674,False,False
MT-0827,2026-09-02,0.504,False,False
MT-0827,2026-09-03,0.854,False,False
MT-0827,2026-09-04,1.117,False,False
MT-0827,2026-09-05,1.138,False,False
MT-0827,2026-09-06,0.71,False,False
MT-0827,2026-09-07,0.846,False,False
MT-0827,2026-09-08,1.273,False,True
MT-0827,2026-09-09,1.023,False,True
MT-0827,2026-09-10,0.753,False,True
MT-0827,2026-09-11,0.409,False,True
MT-0827,2026-09-12,0.473,False,True
MT-0827,2026-09-13,0.835,False,True
MT-0827,2026-09-14,0.64,False,True
MT-0130,2026-09-01,0.657,False,False
MT-0130,2026-09-02,0.552,False,False
MT-0130,2026-09-03,0.697,False,False
MT-0130,2026-09-04,0.973,False,False
MT-0130,2026-09-05,0.919,False,False
MT-0130,2026-09-06,1.052,False,False
MT-0130,2026-09-07,0.946,False,False
MT-0130,2026-09-08,0.903,False,True
MT-0130,2026-09-09,1.028,False,True
MT-0130,2026-09-10,1.097,False,True
MT-0130,2026-09-11,0.877,False,True
MT-0130,2026-09-12,0.993,False,True
MT-0130,2026-09-13,1.065,False,True
MT-0130,2026-09-14,1.009,False,True
MT-0886,2026-09-01,0.864,False,False
MT-0886,2026-09-02,0.858,False,False
MT-0886,2026-09-03,0.698,False,False
MT-0886,2026-09-04,0.944,False,False
MT-0886,2026-09-05,1.021,False,False
MT-0886,2026-09-06,0.691,False,False
MT-0886,2026-09-07,0.754,False,False
MT-0886,2026-09-08,0.786,False,True
MT-0886,2026-09-09,0.497,False,True
MT-0886,2026-09-10,0.88,False,True
MT-0886,2026-09-11,0.963,False,True
MT-0886,2026-09-12,0.547,False,True
MT-0886,2026-09-13,0.936,False,True
MT-0886,2026-09-14,0.833,False,True
MT-0610,2026-09-01,0.941,False,False
MT-0610,2026-09-02,0.91,False,False
MT-0610,2026-09-03,0.885,False,False
MT-0610,2026-09-04,0.898,False,False
MT-0610,2026-09-05,0.879,False,False
MT-0610,2026-09-06,0.762,False,False
MT-0610,2026-09-07,0.613,False,False
MT-0610,2026-09-08,0.556,False,True
MT-0610,2026-09-09,0.417,False,True
MT-0610,2026-09-10,0.475,False,True
MT-0610,2026-09-11,0.611,False,True
MT-0610,2026-09-12,0.598,False,True
MT-0610,2026-09-13,0.741,False,True
MT-0610,2026-09-14,0.675,False,True
MT-0129,2026-09-01,0.577,True,False
MT-0129,2026-09-02,0.417,True,False
MT-0129,2026-09-03,0.449,False,False
MT-0129,2026-09-04,0.913,False,False
MT-0129,2026-09-05,1.063,False,False
MT-0129,2026-09-06,0.995,False,False
MT-0129,2026-09-07,0.878,False,False
MT-0129,2026-09-08,0.934,False,True
MT-0129,2026-09-09,1.002,False,True
MT-0129,2026-09-10,1.021,False,True
MT-0129,2026-09-11,1.079,False,True
MT-0129,2026-09-12,1.017,False,True
MT-0129,2026-09-13,1.03,False,True
MT-0129,2026-09-14,1.131,False,True
MT-0998,2026-09-01,1.079,False,False
MT-0998,2026-09-02,0.898,False,False
MT-0998,2026-09-03,0.975,False,False
MT-0998,2026-09-04,0.743,False,False
MT-0998,2026-09-05,0.398,False,False
MT-0998,2026-09-06,0.673,False,False
MT-0998,2026-09-07,0.809,False,False
MT-0998,2026-09-08,0.947,False,True
MT-0998,2026-09-09,0.902,False,True
MT-0998,2026-09-10,0.972,False,True
MT-0998,2026-09-11,0.902,False,True
MT-0998,2026-09-12,0.574,False,True
MT-0998,2026-09-13,0.415,False,True
MT-0998,2026-09-14,0.501,False,True
MT-0529,2026-09-01,0.871,False,False
MT-0529,2026-09-02,0.623,False,False
MT-0529,2026-09-03,0.793,False,False
MT-0529,2026-09-04,0.634,False,False
MT-0529,2026-09-05,0.704,False,False
MT-0529,2026-09-06,0.814,False,False
MT-0529,2026-09-07,1.0,False,False
MT-0529,2026-09-08,0.543,False,True
MT-0529,2026-09-09,0.673,False,True
MT-0529,2026-09-10,0.835,False,True
MT-0529,2026-09-11,1.012,False,True
MT-0529,2026-09-12,0.717,False,True
MT-0529,2026-09-13,0.814,False,True
MT-0529,2026-09-14,0.899,False,True
MT-0434,2026-09-01,0.975,False,False
MT-0434,2026-09-02,1.042,False,False
MT-0434,2026-09-03,0.912,False,False
MT-0434,2026-09-04,0.887,False,False
MT-0434,2026-09-05,0.783,False,False
MT-0434,2026-09-06,0.449,False,False
MT-0434,2026-09-07,0.978,False,False
MT-0434,2026-09-08,0.917,False,True
MT-0434,2026-09-09,0.97,False,True
MT-0434,2026-09-10,1.137,False,True
MT-0434,2026-09-11,1.256,False,True
MT-0434,2026-09-12,0.718,False,True
MT-0434,2026-09-13,0.812,False,True
MT-0434,2026-09-14,1.229,False,True
MT-0833,2026-09-01,0.925,False,False
MT-0833,2026-09-02,0.954,False,False
MT-0833,2026-09-03,0.919,False,False
MT-0833,2026-09-04,1.006,False,False
MT-0833,2026-09-05,0.82,False,False
MT-0833,2026-09-06,0.783,False,False
MT-0833,2026-09-07,0.818,False,False
MT-0833,2026-09-08,0.746,False,True
MT-0833,2026-09-09,0.553,False,True
MT-0833,2026-09-10,0.902,False,True
MT-0833,2026-09-11,1.059,False,True
MT-0833,2026-09-12,0.882,False,True
MT-0833,2026-09-13,0.763,False,True
MT-0833,2026-09-14,0.901,False,True
MT-0691,2026-09-01,1.04,False,False
MT-0691,2026-09-02,0.78,False,False
MT-0691,2026-09-03,1.077,False,False
MT-0691,2026-09-04,0.991,False,False
MT-0691,2026-09-05,0.673,False,False
MT-0691,2026-09-06,0.464,False,False
MT-0691,2026-09-07,0.593,False,False
MT-0691,2026-09-08,0.566,False,True
MT-0691,2026-09-09,0.474,False,True
MT-0691,2026-09-10,0.45,False,True
MT-0691,2026-09-11,0.803,False,True
MT-0691,2026-09-12,0.42,False,True
MT-0691,2026-09-13,0.621,False,True
MT-0691,2026-09-14,0.857,False,True
MT-0203,2026-09-01,0.815,False,False
MT-0203,2026-09-02,0.761,False,False
MT-0203,2026-09-03,0.857,False,False
MT-0203,2026-09-04,0.963,False,False
MT-0203,2026-09-05,0.952,False,False
MT-0203,2026-09-06,0.906,False,False
MT-0203,2026-09-07,1.039,False,False
MT-0203,2026-09-08,1.006,False,True
MT-0203,2026-09-09,1.131,False,True
MT-0203,2026-09-10,0.908,False,True
MT-0203,2026-09-11,0.81,False,True
MT-0203,2026-09-12,0.821,False,True
MT-0203,2026-09-13,0.622,False,True
MT-0203,2026-09-14,0.664,False,True
MT-0963,2026-09-01,0.882,False,False
MT-0963,2026-09-02,0.715,False,False
MT-0963,2026-09-03,1.036,False,False
MT-0963,2026-09-04,0.821,False,False
MT-0963,2026-09-05,0.903,False,False
MT-0963,2026-09-06,0.83,False,False
MT-0963,2026-09-07,0.803,False,False
MT-0963,2026-09-08,0.836,False,True
MT-0963,2026-09-09,0.834,False,True
MT-0963,2026-09-10,0.991,False,True
MT-0963,2026-09-11,0.916,False,True
MT-0963,2026-09-12,0.847,False,True
MT-0963,2026-09-13,0.608,False,True
MT-0963,2026-09-14,0.858,False,True
MT-0736,2026-09-01,1.006,False,False
MT-0736,2026-09-02,1.137,False,False
MT-0736,2026-09-03,0.988,False,False
MT-0736,2026-09-04,1.118,False,False
MT-0736,2026-09-05,0.716,False,False
MT-0736,2026-09-06,0.457,False,False
MT-0736,2026-09-07,0.731,False,False
MT-0736,2026-09-08,0.746,False,True
MT-0736,2026-09-09,0.825,False,True
MT-0736,2026-09-10,0.69,False,True
MT-0736,2026-09-11,0.849,False,True
MT-0736,2026-09-12,0.768,False,True
MT-0736,2026-09-13,0.652,False,True
MT-0736,2026-09-14,0.492,False,True
MT-0981,2026-09-01,0.842,False,False
MT-0981,2026-09-02,0.586,False,False
MT-0981,2026-09-03,0.651,False,False
MT-0981,2026-09-04,0.69,False,False
MT-0981,2026-09-05,0.901,False,False
MT-0981,2026-09-06,1.611,False,False
MT-0981,2026-09-07,0.739,False,False
MT-0981,2026-09-08,0.551,False,True
MT-0981,2026-09-09,0.714,False,True
MT-0981,2026-09-10,0.456,False,True
MT-0981,2026-09-11,0.555,False,True
MT-0981,2026-09-12,0.675,False,True
MT-0981,2026-09-13,0.708,False,True
MT-0981,2026-09-14,1.492,False,True
MT-0856,2026-09-01,0.871,False,False
MT-0856,2026-09-02,0.691,False,False
MT-0856,2026-09-03,0.449,False,False
MT-0856,2026-09-04,0.862,False,False
MT-0856,2026-09-05,0.779,False,False
MT-0856,2026-09-06,1.068,False,False
MT-0856,2026-09-07,0.705,False,False
MT-0856,2026-09-08,0.882,False,True
MT-0856,2026-09-09,0.732,False,True
MT-0856,2026-09-10,0.612,False,True
MT-0856,2026-09-11,0.659,False,True
MT-0856,2026-09-12,0.631,False,True
MT-0856,2026-09-13,0.785,False,True
MT-0856,2026-09-14,0.818,False,True
MT-0087,2026-09-01,1.012,False,False
MT-0087,2026-09-02,0.903,False,False
MT-0087,2026-09-03,1.083,False,False
MT-0087,2026-09-04,0.841,False,False
MT-0087,2026-09-05,0.682,False,False
MT-0087,2026-09-06,0.683,False,False
MT-0087,2026-09-07,0.891,False,False
MT-0087,2026-09-08,0.841,False,True
MT-0087,2026-09-09,1.006,False,True
MT-0087,2026-09-10,0.891,False,True
MT-0087,2026-09-11,1.165,False,True
MT-0087,2026-09-12,0.829,False,True
MT-0087,2026-09-13,1.02,False,True
MT-0087,2026-09-14,0.984,False,True
MT-0043,2026-09-01,0.664,False,False
MT-0043,2026-09-02,0.554,False,False
MT-0043,2026-09-03,0.938,False,False
MT-0043,2026-09-04,0.963,False,False
MT-0043,2026-09-05,0.853,False,False
MT-0043,2026-09-06,0.931,False,False
MT-0043,2026-09-07,1.109,False,False
MT-0043,2026-09-08,0.938,False,True
MT-0043,2026-09-09,0.879,False,True
MT-0043,2026-09-10,0.86,False,True
MT-0043,2026-09-11,0.74,False,True
MT-0043,2026-09-12,0.678,False,True
MT-0043,2026-09-13,0.748,False,True
MT-0043,2026-09-14,0.87,False,True
MT-0291,2026-09-01,0.563,False,False
MT-0291,2026-09-02,0.749,False,False
MT-0291,2026-09-03,0.579,False,False
MT-0291,2026-09-04,0.771,False,False
MT-0291,2026-09-05,1.006,False,False
MT-0291,2026-09-06,1.0,False,False
MT-0291,2026-09-07,1.0,False,False
MT-0291,2026-09-08,0.801,False,True
MT-0291,2026-09-09,0.725,False,True
MT-0291,2026-09-10,1.005,False,True
MT-0291,2026-09-11,1.113,False,True
MT-0291,2026-09-12,0.858,False,True
MT-0291,2026-09-13,0.563,False,True
MT-0291,2026-09-14,0.502,False,True
MT-0089,2026-09-01,0.778,False,False
MT-0089,2026-09-02,0.709,False,False
MT-0089,2026-09-03,0.788,False,False
MT-0089,2026-09-04,1.012,False,False
MT-0089,2026-09-05,0.834,False,False
MT-0089,2026-09-06,0.579,False,False
MT-0089,2026-09-07,0.978,False,False
MT-0089,2026-09-08,0.694,False,True
MT-0089,2026-09-09,0.677,False,True
MT-0089,2026-09-10,0.778,False,True
MT-0089,2026-09-11,0.594,False,True
MT-0089,2026-09-12,0.772,False,True
MT-0089,2026-09-13,1.021,False,True
MT-0089,2026-09-14,0.668,False,True
MT-0460,2026-09-01,0.7,False,False
MT-0460,2026-09-02,0.661,False,False
MT-0460,2026-09-03,0.511,False,False
MT-0460,2026-09-04,0.99,False,False
MT-0460,2026-09-05,0.937,False,False
MT-0460,2026-09-06,0.812,False,False
MT-0460,2026-09-07,0.871,False,False
MT-0460,2026-09-08,0.654,False,True
MT-0460,2026-09-09,0.747,False,True
MT-0460,2026-09-10,0.847,False,True
MT-0460,2026-09-11,0.66,False,True
MT-0460,2026-09-12,0.781,False,True
MT-0460,2026-09-13,0.896,False,True
MT-0460,2026-09-14,0.773,False,True
MT-0701,2026-09-01,0.808,False,False
MT-0701,2026-09-02,0.73,False,False
MT-0701,2026-09-03,0.922,False,False
MT-0701,2026-09-04,0.81,False,False
MT-0701,2026-09-05,0.878,False,False
MT-0701,2026-09-06,0.526,False,False
MT-0701,2026-09-07,1.041,False,False
MT-0701,2026-09-08,0.937,False,True
MT-0701,2026-09-09,0.82,False,True
MT-0701,2026-09-10,0.533,False,True
MT-0701,2026-09-11,0.761,False,True
MT-0701,2026-09-12,0.684,False,True
MT-0701,2026-09-13,0.613,False,True
MT-0701,2026-09-14,0.821,False,True
MT-0488,2026-09-01,1.002,False,False
MT-0488,2026-09-02,0.711,False,False
MT-0488,2026-09-03,1.045,False,False
MT-0488,2026-09-04,0.69,False,False
MT-0488,2026-09-05,0.762,False,False
MT-0488,2026-09-06,0.981,False,False
MT-0488,2026-09-07,1.083,False,False
MT-0488,2026-09-08,1.064,False,True
MT-0488,2026-09-09,1.061,False,True
MT-0488,2026-09-10,0.8,False,True
MT-0488,2026-09-11,0.417,False,True
MT-0488,2026-09-12,0.893,False,True
MT-0488,2026-09-13,1.453,False,True
MT-0488,2026-09-14,0.843,False,True
MT-0012,2026-09-01,1.157,False,False
MT-0012,2026-09-02,0.917,False,False
MT-0012,2026-09-03,0.452,False,False
MT-0012,2026-09-04,0.842,False,False
MT-0012,2026-09-05,0.973,False,False
MT-0012,2026-09-06,0.953,False,False
MT-0012,2026-09-07,1.037,False,False
MT-0012,2026-09-08,0.875,False,True
MT-0012,2026-09-09,1.15,False,True
MT-0012,2026-09-10,1.229,False,True
MT-0012,2026-09-11,0.806,False,True
MT-0012,2026-09-12,0.882,False,True
MT-0012,2026-09-13,1.062,False,True
MT-0012,2026-09-14,0.94,False,True
MT-0782,2026-09-01,0.969,False,False
MT-0782,2026-09-02,0.968,False,False
MT-0782,2026-09-03,0.84,False,False
MT-0782,2026-09-04,0.968,False,False
MT-0782,2026-09-05,0.916,False,False
MT-0782,2026-09-06,0.916,False,False
MT-0782,2026-09-07,0.894,False,False
MT-0782,2026-09-08,1.101,False,True
MT-0782,2026-09-09,1.256,False,True
MT-0782,2026-09-10,1.006,False,True
MT-0782,2026-09-11,1.053,False,True
MT-0782,2026-09-12,1.107,False,True
MT-0782,2026-09-13,1.108,False,True
MT-0782,2026-09-14,1.006,False,True
MT-0516,2026-09-01,0.855,False,False
MT-0516,2026-09-02,0.838,False,False
MT-0516,2026-09-03,0.897,False,False
MT-0516,2026-09-04,0.929,False,False
MT-0516,2026-09-05,0.927,False,False
MT-0516,2026-09-06,0.959,False,False
MT-0516,2026-09-07,0.701,False,False
MT-0516,2026-09-08,0.681,False,True
MT-0516,2026-09-09,1.054,False,True
MT-0516,2026-09-10,1.106,False,True
MT-0516,2026-09-11,0.894,False,True
MT-0516,2026-09-12,0.979,False,True
MT-0516,2026-09-13,0.837,False,True
MT-0516,2026-09-14,0.839,False,True
MT-0889,2026-09-01,0.936,False,False
MT-0889,2026-09-02,0.979,False,False
MT-0889,2026-09-03,1.091,False,False
MT-0889,2026-09-04,0.808,False,False
MT-0889,2026-09-05,0.811,False,False
MT-0889,2026-09-06,0.827,False,False
MT-0889,2026-09-07,0.715,False,False
MT-0889,2026-09-08,0.919,False,True
MT-0889,2026-09-09,1.175,False,True
MT-0889,2026-09-10,1.16,False,True
MT-0889,2026-09-11,1.066,False,True
MT-0889,2026-09-12,1.192,False,True
MT-0889,2026-09-13,1.122,False,True
MT-0889,2026-09-14,0.75,False,True
MT-0631,2026-09-01,0.624,False,False
MT-0631,2026-09-02,0.66,False,False
MT-0631,2026-09-03,0.943,False,False
MT-0631,2026-09-04,0.518,False,False
MT-0631,2026-09-05,0.573,False,False
MT-0631,2026-09-06,0.898,False,False
MT-0631,2026-09-07,0.71,False,False
MT-0631,2026-09-08,0.884,False,True
MT-0631,2026-09-09,0.859,False,True
MT-0631,2026-09-10,0.987,False,True
MT-0631,2026-09-11,0.603,False,True
MT-0631,2026-09-12,0.796,False,True
MT-0631,2026-09-13,0.695,False,True
MT-0631,2026-09-14,0.796,False,True
MT-0987,2026-09-01,1.015,False,False
MT-0987,2026-09-02,0.923,False,False
MT-0987,2026-09-03,0.917,False,False
MT-0987,2026-09-04,0.844,False,False
MT-0987,2026-09-05,0.819,False,False
MT-0987,2026-09-06,0.612,False,False
MT-0987,2026-09-07,0.904,False,False
MT-0987,2026-09-08,0.726,False,True
MT-0987,2026-09-09,0.706,False,True
MT-0987,2026-09-10,0.541,False,True
MT-0987,2026-09-11,0.454,False,True
MT-0987,2026-09-12,0.587,False,True
MT-0987,2026-09-13,0.785,False,True
MT-0987,2026-09-14,0.814,False,True
MT-0001,2026-09-01,0.865,False,False
MT-0001,2026-09-02,0.895,False,False
MT-0001,2026-09-03,0.946,False,False
MT-0001,2026-09-04,0.983,False,False
MT-0001,2026-09-05,0.973,False,False
MT-0001,2026-09-06,0.858,False,False
MT-0001,2026-09-07,0.774,False,False
MT-0001,2026-09-08,0.755,False,True
MT-0001,2026-09-09,0.969,False,True
MT-0001,2026-09-10,1.344,False,True
MT-0001,2026-09-11,1.28,False,True
MT-0001,2026-09-12,1.446,False,True
MT-0001,2026-09-13,1.353,False,True
MT-0001,2026-09-14,1.021,False,True
MT-0016,2026-09-01,1.037,False,False
MT-0016,2026-09-02,0.9,False,False
MT-0016,2026-09-03,0.845,False,False
MT-0016,2026-09-04,1.025,False,False
MT-0016,2026-09-05,1.007,False,False
MT-0016,2026-09-06,1.037,False,False
MT-0016,2026-09-07,0.779,False,False
MT-0016,2026-09-08,1.074,False,True
MT-0016,2026-09-09,1.038,False,True
MT-0016,2026-09-10,0.867,False,True
MT-0016,2026-09-11,0.791,False,True
MT-0016,2026-09-12,0.784,False,True
MT-0016,2026-09-13,0.736,False,True
MT-0016,2026-09-14,0.617,False,True
MT-0708,2026-09-01,1.132,False,False
MT-0708,2026-09-02,1.052,False,False
MT-0708,2026-09-03,0.709,False,False
MT-0708,2026-09-04,0.484,False,False
MT-0708,2026-09-05,0.518,True,False
MT-0708,2026-09-06,0.427,True,False
MT-0708,2026-09-07,0.715,False,False
MT-0708,2026-09-08,1.066,False,True
MT-0708,2026-09-09,0.737,False,True
MT-0708,2026-09-10,0.427,False,True
MT-0708,2026-09-11,0.637,False,True
MT-0708,2026-09-12,0.778,False,True
MT-0708,2026-09-13,0.55,False,True
MT-0708,2026-09-14,1.017,False,True
MT-0546,2026-09-01,0.683,False,False
MT-0546,2026-09-02,0.755,False,False
MT-0546,2026-09-03,0.974,False,False
MT-0546,2026-09-04,1.034,False,False
MT-0546,2026-09-05,0.711,False,False
MT-0546,2026-09-06,0.741,False,False
MT-0546,2026-09-07,0.823,False,False
MT-0546,2026-09-08,0.788,False,True
MT-0546,2026-09-09,0.862,False,True
MT-0546,2026-09-10,0.565,False,True
MT-0546,2026-09-11,0.587,False,True
MT-0546,2026-09-12,0.76,False,True
MT-0546,2026-09-13,0.567,False,True
MT-0546,2026-09-14,0.541,False,True
MT-0730,2026-09-01,0.927,False,False
MT-0730,2026-09-02,0.911,False,False
MT-0730,2026-09-03,0.876,False,False
MT-0730,2026-09-04,0.716,False,False
MT-0730,2026-09-05,0.894,False,False
MT-0730,2026-09-06,0.98,False,False
MT-0730,2026-09-07,0.86,False,False
MT-0730,2026-09-08,0.935,False,True
MT-0730,2026-09-09,1.033,False,True
MT-0730,2026-09-10,0.931,False,True
MT-0730,2026-09-11,0.71,False,True
MT-0730,2026-09-12,0.839,False,True
MT-0730,2026-09-13,1.027,False,True
MT-0730,2026-09-14,1.021,False,True
MT-0370,2026-09-01,1.052,False,False
MT-0370,2026-09-02,0.987,False,False
MT-0370,2026-09-03,0.927,False,False
MT-0370,2026-09-04,0.844,False,False
MT-0370,2026-09-05,0.938,False,False
MT-0370,2026-09-06,0.695,False,False
MT-0370,2026-09-07,1.068,False,False
MT-0370,2026-09-08,1.026,False,True
MT-0370,2026-09-09,1.11,False,True
MT-0370,2026-09-10,1.044,False,True
MT-0370,2026-09-11,0.927,False,True
MT-0370,2026-09-12,0.853,False,True
MT-0370,2026-09-13,0.957,False,True
MT-0370,2026-09-14,0.83,False,True
MT-0449,2026-09-01,0.888,False,False
MT-0449,2026-09-02,0.755,False,False
MT-0449,2026-09-03,0.784,False,False
MT-0449,2026-09-04,0.696,False,False
MT-0449,2026-09-05,0.949,False,False
MT-0449,2026-09-06,0.58,False,False
MT-0449,2026-09-07,0.85,False,False
MT-0449,2026-09-08,0.685,False,True
MT-0449,2026-09-09,0.564,False,True
MT-0449,2026-09-10,0.938,False,True
MT-0449,2026-09-11,0.665,False,True
MT-0449,2026-09-12,0.731,False,True
MT-0449,2026-09-13,0.415,False,True
MT-0449,2026-09-14,0.811,False,True
MT-0430,2026-09-01,1.023,False,False
MT-0430,2026-09-02,0.877,False,False
MT-0430,2026-09-03,0.723,False,False
MT-0430,2026-09-04,0.746,False,False
MT-0430,2026-09-05,0.755,False,False
MT-0430,2026-09-06,0.506,False,False
MT-0430,2026-09-07,0.635,False,False
MT-0430,2026-09-08,0.729,False,True
MT-0430,2026-09-09,0.493,False,True
MT-0430,2026-09-10,0.65,False,True
MT-0430,2026-09-11,0.972,False,True
MT-0430,2026-09-12,0.933,False,True
MT-0430,2026-09-13,0.949,False,True
MT-0430,2026-09-14,0.999,False,True
MT-0418,2026-09-01,1.069,False,False
MT-0418,2026-09-02,0.948,False,False
MT-0418,2026-09-03,0.872,False,False
MT-0418,2026-09-04,0.897,False,False
MT-0418,2026-09-05,0.815,False,False
MT-0418,2026-09-06,0.888,False,False
MT-0418,2026-09-07,0.902,False,False
MT-0418,2026-09-08,0.863,False,True
MT-0418,2026-09-09,0.842,False,True
MT-0418,2026-09-10,0.827,False,True
MT-0418,2026-09-11,0.785,False,True
MT-0418,2026-09-12,0.829,False,True
MT-0418,2026-09-13,0.74,False,True
MT-0418,2026-09-14,0.857,False,True
MT-0400,2026-09-01,0.985,False,False
MT-0400,2026-09-02,1.041,False,False
MT-0400,2026-09-03,1.073,False,False
MT-0400,2026-09-04,0.833,False,False
MT-0400,2026-09-05,0.811,False,False
MT-0400,2026-09-06,0.851,False,False
MT-0400,2026-09-07,0.781,False,False
MT-0400,2026-09-08,0.633,False,True
MT-0400,2026-09-09,0.995,False,True
MT-0400,2026-09-10,0.851,False,True
MT-0400,2026-09-11,0.852,False,True
MT-0400,2026-09-12,1.006,False,True
MT-0400,2026-09-13,0.977,False,True
MT-0400,2026-09-14,0.848,False,True
MT-0572,2026-09-01,1.002,False,False
MT-0572,2026-09-02,0.574,True,False
MT-0572,2026-09-03,0.481,True,False
MT-0572,2026-09-04,0.797,False,False
MT-0572,2026-09-05,1.022,False,False
MT-0572,2026-09-06,0.99,False,False
MT-0572,2026-09-07,0.829,False,False
MT-0572,2026-09-08,1.165,False,True
MT-0572,2026-09-09,1.249,False,True
MT-0572,2026-09-10,0.81,False,True
MT-0572,2026-09-11,1.141,False,True
MT-0572,2026-09-12,1.012,False,True
MT-0572,2026-09-13,1.018,False,True
MT-0572,2026-09-14,1.202,False,True
MT-0364,2026-09-01,0.858,False,False
MT-0364,2026-09-02,0.867,False,False
MT-0364,2026-09-03,0.86,False,False
MT-0364,2026-09-04,0.719,False,False
MT-0364,2026-09-05,0.856,False,False
MT-0364,2026-09-06,0.943,False,False
MT-0364,2026-09-07,0.806,False,False
MT-0364,2026-09-08,0.913,False,True
MT-0364,2026-09-09,0.93,False,True
MT-0364,2026-09-10,0.937,False,True
MT-0364,2026-09-11,0.957,False,True
MT-0364,2026-09-12,0.89,False,True
MT-0364,2026-09-13,0.811,False,True
MT-0364,2026-09-14,0.77,False,True
MT-0472,2026-09-01,0.926,False,False
MT-0472,2026-09-02,0.954,False,False
MT-0472,2026-09-03,0.763,False,False
MT-0472,2026-09-04,0.784,False,False
MT-0472,2026-09-05,1.05,False,False
MT-0472,2026-09-06,0.883,False,False
MT-0472,2026-09-07,0.714,False,False
MT-0472,2026-09-08,0.645,False,True
MT-0472,2026-09-09,0.797,False,True
MT-0472,2026-09-10,0.438,False,True
MT-0472,2026-09-11,0.895,False,True
MT-0472,2026-09-12,0.893,False,True
MT-0472,2026-09-13,0.821,False,True
MT-0472,2026-09-14,1.084,False,True
MT-0375,2026-09-01,0.812,False,False
MT-0375,2026-09-02,1.018,False,False
MT-0375,2026-09-03,0.903,False,False
MT-0375,2026-09-04,0.98,False,False
MT-0375,2026-09-05,1.146,False,False
MT-0375,2026-09-06,1.077,False,False
MT-0375,2026-09-07,0.719,False,False
MT-0375,2026-09-08,0.822,False,True
MT-0375,2026-09-09,1.102,False,True
MT-0375,2026-09-10,1.077,False,True
MT-0375,2026-09-11,0.905,False,True
MT-0375,2026-09-12,0.829,False,True
MT-0375,2026-09-13,0.863,False,True
MT-0375,2026-09-14,0.882,False,True
MT-0893,2026-09-01,0.781,False,False
MT-0893,2026-09-02,0.835,False,False
MT-0893,2026-09-03,0.821,False,False
MT-0893,2026-09-04,0.45,False,False
MT-0893,2026-09-05,0.611,False,False
MT-0893,2026-09-06,1.05,False,False
MT-0893,2026-09-07,1.079,False,False
MT-0893,2026-09-08,0.896,False,True
MT-0893,2026-09-09,0.937,False,True
MT-0893,2026-09-10,1.216,False,True
MT-0893,2026-09-11,1.287,False,True
MT-0893,2026-09-12,1.194,False,True
MT-0893,2026-09-13,1.326,False,True
MT-0893,2026-09-14,1.199,False,True
MT-0277,2026-09-01,0.99,False,False
MT-0277,2026-09-02,0.838,False,False
MT-0277,2026-09-03,0.992,False,False
MT-0277,2026-09-04,0.903,False,False
MT-0277,2026-09-05,0.939,False,False
MT-0277,2026-09-06,0.845,False,False
MT-0277,2026-09-07,1.001,False,False
MT-0277,2026-09-08,0.573,False,True
MT-0277,2026-09-09,0.547,False,True
MT-0277,2026-09-10,0.691,False,True
MT-0277,2026-09-11,0.625,False,True
MT-0277,2026-09-12,0.769,False,True
MT-0277,2026-09-13,0.445,False,True
MT-0277,2026-09-14,0.731,False,True
MT-0724,2026-09-01,0.916,False,False
MT-0724,2026-09-02,1.231,False,False
MT-0724,2026-09-03,1.458,False,False
MT-0724,2026-09-04,0.821,True,False
MT-0724,2026-09-05,0.55,True,False
MT-0724,2026-09-06,0.449,True,False
MT-0724,2026-09-07,0.768,False,False
MT-0724,2026-09-08,0.901,False,True
MT-0724,2026-09-09,0.448,False,True
MT-0724,2026-09-10,0.635,False,True
MT-0724,2026-09-11,1.406,False,True
MT-0724,2026-09-12,1.019,False,True
MT-0724,2026-09-13,0.676,False,True
MT-0724,2026-09-14,1.057,False,True
MT-0835,2026-09-01,0.803,False,False
MT-0835,2026-09-02,0.977,False,False
MT-0835,2026-09-03,0.825,False,False
MT-0835,2026-09-04,1.009,False,False
MT-0835,2026-09-05,1.057,False,False
MT-0835,2026-09-06,0.958,False,False
MT-0835,2026-09-07,0.888,False,False
MT-0835,2026-09-08,0.883,False,True
MT-0835,2026-09-09,0.83,False,True
MT-0835,2026-09-10,0.581,False,True
MT-0835,2026-09-11,0.923,False,True
MT-0835,2026-09-12,0.959,False,True
MT-0835,2026-09-13,0.852,False,True
MT-0835,2026-09-14,0.866,False,True
MT-0047,2026-09-01,0.916,False,False
MT-0047,2026-09-02,0.996,False,False
MT-0047,2026-09-03,1.009,False,False
MT-0047,2026-09-04,0.969,False,False
MT-0047,2026-09-05,0.916,False,False
MT-0047,2026-09-06,0.804,False,False
MT-0047,2026-09-07,0.71,False,False
MT-0047,2026-09-08,0.893,False,True
MT-0047,2026-09-09,0.896,False,True
MT-0047,2026-09-10,1.016,False,True
MT-0047,2026-09-11,0.911,False,True
MT-0047,2026-09-12,0.844,False,True
MT-0047,2026-09-13,0.792,False,True
MT-0047,2026-09-14,0.962,False,True
MT-0990,2026-09-01,0.745,False,False
MT-0990,2026-09-02,1.167,False,False
MT-0990,2026-09-03,0.929,False,False
MT-0990,2026-09-04,0.779,False,False
MT-0990,2026-09-05,0.855,False,False
MT-0990,2026-09-06,0.801,False,False
MT-0990,2026-09-07,0.787,False,False
MT-0990,2026-09-08,0.469,True,True
MT-0990,2026-09-09,0.411,True,True
MT-0990,2026-09-10,0.421,True,True
MT-0990,2026-09-11,0.507,False,True
MT-0990,2026-09-12,0.801,False,True
MT-0990,2026-09-13,0.87,False,True
MT-0990,2026-09-14,0.805,False,True
MT-0559,2026-09-01,1.024,False,False
MT-0559,2026-09-02,0.844,False,False
MT-0559,2026-09-03,0.609,False,False
MT-0559,2026-09-04,0.788,False,False
MT-0559,2026-09-05,0.795,False,False
MT-0559,2026-09-06,1.07,False,False
MT-0559,2026-09-07,0.782,False,False
MT-0559,2026-09-08,0.718,False,True
MT-0559,2026-09-09,0.767,False,True
MT-0559,2026-09-10,0.902,False,True
MT-0559,2026-09-11,0.913,False,True
MT-0559,2026-09-12,0.699,False,True
MT-0559,2026-09-13,1.069,False,True
MT-0559,2026-09-14,1.071,False,True
MT-0338,2026-09-01,0.793,False,False
MT-0338,2026-09-02,0.959,False,False
MT-0338,2026-09-03,0.811,False,False
MT-0338,2026-09-04,0.903,False,False
MT-0338,2026-09-05,0.828,False,False
MT-0338,2026-09-06,0.807,False,False
MT-0338,2026-09-07,0.782,False,False
MT-0338,2026-09-08,0.897,False,True
MT-0338,2026-09-09,0.579,False,True
MT-0338,2026-09-10,0.572,False,True
MT-0338,2026-09-11,0.463,False,True
MT-0338,2026-09-12,0.571,False,True
MT-0338,2026-09-13,0.496,False,True
MT-0338,2026-09-14,0.719,False,True
MT-0525,2026-09-01,0.953,False,False
MT-0525,2026-09-02,0.802,False,False
MT-0525,2026-09-03,0.718,False,False
MT-0525,2026-09-04,0.916,False,False
MT-0525,2026-09-05,0.843,False,False
MT-0525,2026-09-06,0.764,False,False
MT-0525,2026-09-07,0.875,False,False
MT-0525,2026-09-08,0.895,False,True
MT-0525,2026-09-09,0.901,False,True
MT-0525,2026-09-10,0.759,False,True
MT-0525,2026-09-11,0.909,False,True
MT-0525,2026-09-12,1.054,False,True
MT-0525,2026-09-13,0.623,False,True
MT-0525,2026-09-14,0.83,False,True
MT-0754,2026-09-01,1.301,False,False
MT-0754,2026-09-02,0.856,False,False
MT-0754,2026-09-03,0.835,False,False
MT-0754,2026-09-04,0.898,False,False
MT-0754,2026-09-05,0.782,False,False
MT-0754,2026-09-06,0.945,False,False
MT-0754,2026-09-07,0.869,False,False
MT-0754,2026-09-08,0.702,False,True
MT-0754,2026-09-09,0.751,False,True
MT-0754,2026-09-10,0.739,False,True
MT-0754,2026-09-11,0.84,False,True
MT-0754,2026-09-12,0.561,False,True
MT-0754,2026-09-13,0.92,False,True
MT-0754,2026-09-14,0.938,False,True
MT-0164,2026-09-01,0.917,False,False
MT-0164,2026-09-02,0.807,False,False
MT-0164,2026-09-03,0.905,False,False
MT-0164,2026-09-04,0.815,False,False
MT-0164,2026-09-05,0.702,False,False
MT-0164,2026-09-06,0.941,False,False
MT-0164,2026-09-07,0.843,False,False
MT-0164,2026-09-08,0.771,False,True
MT-0164,2026-09-09,0.765,False,True
MT-0164,2026-09-10,0.573,False,True
MT-0164,2026-09-11,0.816,False,True
MT-0164,2026-09-12,0.593,False,True
MT-0164,2026-09-13,0.699,False,True
MT-0164,2026-09-14,0.781,False,True
MT-0216,2026-09-01,0.875,False,False
MT-0216,2026-09-02,0.795,False,False
MT-0216,2026-09-03,0.972,False,False
MT-0216,2026-09-04,0.935,False,False
MT-0216,2026-09-05,0.778,True,False
MT-0216,2026-09-06,0.5,True,False
MT-0216,2026-09-07,0.568,True,False
MT-0216,2026-09-08,0.774,False,True
MT-0216,2026-09-09,0.539,False,True
MT-0216,2026-09-10,0.48,False,True
MT-0216,2026-09-11,0.95,False,True
MT-0216,2026-09-12,1.004,False,True
MT-0216,2026-09-13,0.991,False,True
MT-0216,2026-09-14,0.67,False,True
MT-0584,2026-09-01,0.751,False,False
MT-0584,2026-09-02,0.917,False,False
MT-0584,2026-09-03,0.717,False,False
MT-0584,2026-09-04,0.81,False,False
MT-0584,2026-09-05,0.804,False,False
MT-0584,2026-09-06,0.915,False,False
MT-0584,2026-09-07,1.039,False,False
MT-0584,2026-09-08,1.175,False,True
MT-0584,2026-09-09,0.939,False,True
MT-0584,2026-09-10,0.933,False,True
MT-0584,2026-09-11,0.817,False,True
MT-0584,2026-09-12,0.988,False,True
MT-0584,2026-09-13,0.909,False,True
MT-0584,2026-09-14,1.022,False,True
MT-0313,2026-09-01,1.11,False,False
MT-0313,2026-09-02,0.965,False,False
MT-0313,2026-09-03,0.75,False,False
MT-0313,2026-09-04,0.54,False,False
MT-0313,2026-09-05,0.922,False,False
MT-0313,2026-09-06,0.612,False,False
MT-0313,2026-09-07,0.44,False,False
MT-0313,2026-09-08,0.793,False,True
MT-0313,2026-09-09,0.611,False,True
MT-0313,2026-09-10,0.903,False,True
MT-0313,2026-09-11,1.039,False,True
MT-0313,2026-09-12,0.869,False,True
MT-0313,2026-09-13,0.592,False,True
MT-0313,2026-09-14,1.005,False,True
